' ','Dippach','Dippach','Dippach-Haard','NON',67571,71803,5.996256,49.580759
' ','Kehlen','Kehlen','Domaine d'Olm','NON',67655,79479,5.997178,49.649775
' ','Lac de la Haute-Sûre','Mecher','LAC DE LA HAUTE SÛRE','NON',58000,109500,5.86179,49.919409
' ','Préizerdaul','Bettborn','PREIZERDAUL (Commune de)','NON',63700,95500,5.941745,49.793723
' ','Lorentzweiler','Lorentzweiler','Rashaff','NON',79695,85542,6.163897,49.704412
'Aansebuerg','Helperknapp','Tuntange','Ansembourg','OUI',71084,84947,6.044537,49.698997
'Aassel','Bous','Bous','Assel','OUI',90759,68916,6.316817,49.554831
'Aasselbuer','Wincrange','Asselborn','Asselborn','OUI',65821,129407,5.969961,50.098615
'Aasselbuerer Millen ','Wincrange','Asselborn','Asselborn-Moulin','NON',65292,128238,5.962613,50.088092
'Aasselscheier','Lorentzweiler','Lorentzweiler','Asselscheuer','OUI',80169,83904,6.170467,49.689685
'Aessen ','Sanem','Sanem','Aessen','NON',63680,66680,5.942664,49.534606
'Akescht','Parc Hosingen','Hosingen','Akescht','NON',76887,115854,6.124731,49.976928
'Aleft','Echternach','Echternach','Alf','NON',99003,95874,6.432066,49.797002
'Allerbuer','Wincrange','Oberwampach','Allerborn','OUI',58773,122538,5.871837,50.036652
'Allënster ','Junglinster','Junglinster','Altlinster','OUI',83286,87411,6.213694,49.721206
'Almillen','Wincrange','Boevange(Clervaux)','Almillen','NON',63495,122829,5.937735,50.039417
'Alrodeschhaff','Consdorf','Consdorf','Alrodeschhaff','NON',94902,93534,6.375016,49.77608
'Alschent','Kiischpelt','Kautenbach','Alscheid','OUI',68385,115157,6.006226,49.970558
'Altwis','Mondorf-les-Bains','Mondorf-les-Bains','Altwies','OUI',86659,64290,6.260074,49.513298
'Alzeng','Hesperange','Hesperange','Alzingen','OUI',79827,70650,6.165731,49.570519
'Amber','Junglinster','Junglinster','Imbringen','OUI',81610,85142,6.190442,49.700813
'Angelduerf','Erpeldange-sur-Sûre','Erpeldange','Ingeldorf','OUI',77745,102190,6.13677,49.854086
'Angelsbierg','Fischbach','Fischbach','Angelsberg','OUI',79171,92147,6.156619,49.763796
'Antoniushaff','Wincrange','Boevange(Clervaux)','Antoniushaff','NON',63207,125914,5.93358,50.067144
'Baache Jang','Differdange','Differdange','Bache-Jang','NON',58658,62858,5.873492,49.500087
'Baastenduerf','Tandel','Bastendorf','Bastendorf','OUI',79933,106248,6.167196,49.890574
'Bakesmillen','Vallée de l'Ernz','Ermsdorf','Bakesmillen','NON',83820,100015,6.221225,49.834522
'Bamerdall','Diekirch','Diekirch','Bamertal','NON',78838,105114,6.151961,49.880377
'Bamhaff','Bourscheid','Bourscheid','Bamhaff','NON',72634,104508,6.065655,49.874885
'Banzelt','Betzdorf','Betzdorf','Banzelt','NON',91502,82075,6.327473,49.67313
'Bartreng','Bertrange','Bertrange','Bertrange','OUI',71129,75302,6.045377,49.612281
'Baschelt','Boulaide','Boulaide','Baschleiden','OUI',54956,107202,5.819553,49.898629
'Bauschelt','Boulaide','Boulaide','Boulaide','OUI',54808,106028,5.81757,49.888068
'Bauschelter Millen ','Boulaide','Boulaide','Boulaide-Moulin','NON',53160,105255,5.794691,49.881047
'Bech','Bech','Bech','Bech','OUI',93784,90870,6.3594,49.752156
'Bech-Maacher','Schengen','Wellenstein','Bech-Kleinmacher','OUI',93195,66376,6.350399,49.531946
'Becher Millen','Bech','Bech','Bech-Moulin','NON',94350,90539,6.367242,49.749166
'Beefort','Beaufort','Beaufort','Beaufort','OUI',89006,100277,6.293317,49.836822
'Beeforter Heed ','Beaufort','Beaufort','Beeforterheed','NON',88500,101300,6.286306,49.846027
'Beeforter Schlass','Beaufort','Beaufort','Beaufort - Château','NON',88350,99980,6.284192,49.834161
'Beelenhaff ','Junglinster','Junglinster','Belenhaff','NON',86238,88723,6.254653,49.732979
'Beeler','Weiswampach','Weiswampach','Beiler','OUI',74547,136662,6.091816,50.163982
'Beesslek','Troisvierges','Troisvierges','Hautbellain','OUI',66206,135792,5.975113,50.156026
'Beetebuerg','Bettembourg','Bettembourg','Bettembourg','OUI',75482,65169,6.105723,49.521222
'Beggen','Luxembourg','Eich','Beggen (Luxembourg)','NON',77356,78882,6.131515,49.644527
'Beidler','Junglinster','Rodenbourg','Beidweiler','OUI',89548,88059,6.30055,49.726965
'Belair','Luxembourg','Hollerich','Belair (Luxembourg)','NON',76113,75210,6.11434,49.611506
'Beler Käsfurt','Weiswampach','Weiswampach','Käsfurt','NON',73565,135774,6.078088,50.155989
'Belval    ','Esch-sur-Alzette','Esch-sur-Alzette','Esch-Belval','NON',64857,63112,5.95906,49.502556
'Berbuerg','Manternach','Manternach','Berbourg','OUI',96516,88792,6.397222,49.733404
'Berbuerger Haff ','Manternach','Manternach','Berbourg (Ferme de)','NON',96121,87125,6.391674,49.718427
'Bettenduerf','Bettendorf','Bettendorf','Bettendorf','OUI',83873,105296,6.222016,49.882002
'Betteng op der Mess','Dippach','Dippach','Bettange-sur-Mess','OUI',66881,71279,5.986732,49.576033
'Betzder','Betzdorf','Betzdorf','Betzdorf','OUI',92935,83903,6.347387,49.689536
'Betzemillen',' Helperknapp','Boevange-sur-Attert','Betzemillen','NON',69893,94013,6.027794,49.780489
'Beyren  ','Flaxweiler','Flaxweiler','Beyren','OUI',92328,77391,6.338769,49.631
'Bicherhaff ','Stadtbredimus','Stadtbredimus','Bücherhof','NON',90796,72691,6.317433,49.588772
'Bidscht','Goesdorf','Goesdorf','Buederscheid','OUI',63463,111229,5.937785,49.935128
'Biebereg','Préizerdaul','Bettborn','Bettborn','OUI',63734,95828,5.942204,49.796673
'Biekerech','Beckerich','Beckerich','Beckerich','OUI',59726,88587,5.886912,49.73145
'Bieles','Sanem','Sanem','Belvaux','OUI',62993,64184,5.93328,49.512146
'Bierchem','Roeser','Roeser','Berchem','OUI',76981,67044,6.126412,49.53809
'Bierden','Erpeldange-sur-Sûre','Erpeldange','Burden','OUI',74701,105236,6.0944,49.881452
'Biereng','Mersch','Mersch','Beringen','OUI',76530,91636,6.119967,49.759192
'Biereng','Dudelange','Dudelange','Burange (Dudelange)','NON',74489,62166,6.09205,49.494213
'Bierengerbierg ','Mersch','Mersch','Beringerberg','NON',78591,92893,6.148567,49.770502
'Bierg','Betzdorf','Betzdorf','Berg','OUI',93694,83070,6.357876,49.68203
'Biergem','Mondercange','Mondercange','Bergem','OUI',71034,65540,6.044283,49.524509
'Biergerkräiz','Kopstal','Kopstal','Biergerkräiz','NON',74850,79225,6.096813,49.647595
'Bierghaff','Flaxweiler','Flaxweiler','Berghaff','NON',91533,77203,6.327759,49.629325
'Bierkelt ','Berdorf','Berdorf','Birkelt','NON',95010,99066,6.37673,49.825814
'Bierkenhaff','Schieren','Schieren','Birkenhaff','NON',77107,98351,6.127926,49.819568
'Biermereng','Schengen','Burmerange','Burmerange','OUI',91321,61383,6.324367,49.487091
'Bierschbech','Mersch','Mersch','Berschbach','NON',76053,90269,6.113361,49.746899
'Biertreng','Schieren','Schieren','Birtrange','OUI',74276,99077,6.088577,49.826075
'Bigelbaach','Reisdorf','Reisdorf','Bigelbach','OUI',88307,102798,6.283655,49.859498
'Biissen','Bissen','Bissen','Bissen','OUI',72945,94712,6.070158,49.786817
'Biisser Millen','Bissen','Bissen','Bissen-Moulin','NON',73207,95550,6.073781,49.794354
'Bildgeshaff','Bettendorf','Bettendorf','Bildgeshaff','NON',83945,106130,6.223026,49.889499
'Bill',' Helperknapp','Boevange-sur-Attert','Bill','OUI',70729,92215,6.039444,49.764337
'Bilschdref','Rambrouch','Arsdorf','Bilsdorf','OUI',55094,102625,5.821768,49.857486
'Bireler Haff','Sandweiler','Sandweiler','Birelerhaff','NON',83313,76544,6.213975,49.623502
'Birendall','Mamer','Mamer','Berenthal','NON',70511,78408,6.036751,49.640197
'Biwels    ','Putscheid','Putscheid','Bivels','OUI',81547,113932,6.189689,49.959654
'Biwer','Biwer','Biwer','Biwer','OUI',94901,85748,6.374703,49.706078
'Biwerbaach','Biwer','Biwer','Biwerbach','OUI',94410,86109,6.36791,49.70933
'Biwesch','Troisvierges','Troisvierges','Biwisch','OUI',66567,131610,5.980311,50.118437
'Blaaschent','Lorentzweiler','Lorentzweiler','Blaschette','OUI',80202,85171,6.170925,49.701076
'Bleesbréck','Bettendorf','Bettendorf','Bleesbrück','NON',81655,104251,6.191151,49.872617
'Bleesmillen','Tandel','Bastendorf','Bleesmillen','NON',81381,104485,6.18734,49.874721
'Bloebierg','Niederanven','Niederanven','Bloëbierg','NON',86072,78266,6.252186,49.638963
'Blummendall','Junglinster','Junglinster','Blumenthal','OUI',87212,89927,6.268186,49.743793
'Blummendall','Bech','Bech','Blumenthal','OUI',87021,90060,6.26554,49.74499
'Bockmillen','Wincrange','Asselborn','Bockmillen','NON',69349,129036,6.01928,50.095353
'Bollenduerfer Bréck','Berdorf','Berdorf','Bollendorf-Pont','OUI',93275,101778,6.352711,49.850237
'Bomecht ','Käerjeng','Bascharage','Bomicht','NON',60010,69353,5.891829,49.558529
'Bomillen ','Schuttrange','Schuttrange','Bomillen','NON',85925,75735,6.250113,49.616208
'Bommel','Esch-sur-Sûre','Neunhausen','Bonnal','OUI',59905,107584,5.888415,49.90225
'Bommelscheier','Käerjeng','Bascharage','Bommelscheuer','NON',62750,70630,5.929644,49.570095
'Bouddelerbaach','Biwer','Biwer','Boudlerbach','OUI',93217,87086,6.351403,49.718147
'Boufer','Lorentzweiler','Lorentzweiler','Bofferdange','OUI',78429,83856,6.146353,49.689251
'Bouferterhaff','Bertrange','Bertrange','Beaufort (Ferme de-)(Bertrange)','NON',68044,73728,6.002738,49.598076
'Boukels','Parc Hosingen','Hosingen','Bockholtz','OUI',71741,119793,6.052907,50.012293
'Boukels','Goesdorf','Goesdorf','Bockholtz (Goesdorf)','OUI',67634,109974,5.995923,49.923946
'Boukelsser Millen ','Goesdorf','Goesdorf','Bockholtz-Moulin','NON',68435,110163,6.007071,49.925661
'Bouneweg','Luxembourg','Hollerich','Bonnevoie (Luxembourg)','NON',77717,73511,6.136544,49.596238
'Bous','Bous','Bous','BOUS','OUI',91538,69071,6.327588,49.556211
'Boxer','Wincrange','Asselborn','Boxhorn','OUI',67054,127738,5.98725,50.083638
'Brameschhaff','Kehlen','Kehlen','Brameschhaff','NON',71302,80331,6.04766,49.657499
'Bramillen','Bourscheid','Bourscheid','Brahmillen','NON',73866,107690,6.082744,49.903507
'Branebuerg','Tandel','Bastendorf','Brandenbourg','OUI',77601,108643,6.134729,49.912101
'Brattert','Wahl','Wahl','Brattert','OUI',60973,102359,5.903537,49.855309
'Breedelt','Weiswampach','Weiswampach','Breidfeld','OUI',72507,132094,6.063355,50.122892
'Breinert','Biwer','Biwer','Breinert','OUI',92541,86463,6.342009,49.712561
'Bricher Millen ',' Helperknapp','Boevange-sur-Attert','Brouch-Moulin','NON',68483,89071,6.008362,49.736032
'Bricherhaff','Luxembourg','Eich','Bricherhaff (Neudorf)','NON',79726,76781,6.164331,49.625642
'Bricherhaff ','Contern','Contern','Brücherhof (Moutfort)','NON',84746,70868,6.233738,49.57246
'Brichermillen ','Contern','Contern','Brüchermühle (Moutfort)','NON',84694,70624,6.233016,49.570266
'Briddel','Kopstal','Kopstal','Bridel','OUI',73682,80440,6.08062,49.658508
'Brongeschhaff','Colmar-Berg','Berg','Brongeshaff','NON',74911,95293,6.097451,49.79206
'Brosiushaff','Colmar-Berg','Berg','Brosiushaff','NON',72534,98691,6.064374,49.822586
'Brouderbuer','Bettendorf','Bettendorf','Broderbour','NON',81369,102038,6.187164,49.852721
'Bruch  ',' Helperknapp','Boevange-sur-Attert','Brouch','OUI',69309,89108,6.01982,49.736379
'Bruch  ','Biwer','Biwer','Brouch','OUI',92461,88174,6.340955,49.727946
'Bruechtebaach','Wincrange','Oberwampach','Brachtenbach','OUI',61737,120883,5.913287,50.021871
'Bréim','Mondorf-les-Bains','Mondorf-les-Bains','Brehm','NON',87785,65541,6.275648,49.524532
'Brücherhaff ','Vallée de l'Ernz','Ermsdorf','Brücherhof (Folkendange)','NON',82203,100181,6.19875,49.836023
'Brücherheck ','Vallée de l'Ernz','Ermsdorf','Brücherheck','NON',81854,99599,6.193896,49.830792
'Buchholz ','Flaxweiler','Flaxweiler','Buchholz (Flaxweiler)','NON',94273,80924,6.36582,49.662722
'Buchholzer Haff ','Dalheim','Dalheim','Buchholzerhaff (Dalheim)','NON',84962,70409,6.236719,49.568331
'Buddeler','Biwer','Biwer','Boudler','OUI',93582,87598,6.356482,49.722743
'Buer','Helperknapp','Tuntange','Bour','OUI',69026,84970,6.016009,49.69917
'Buerer Millen ','Rosport-Mompach','Mompach','Born-Moulin','NON',104620,93020,6.5099,49.771138
'Buerfelt ','Esch-sur-Sûre','Neunhausen','Burfelt','NON',57712,107285,5.857907,49.899484
'Buerg ','Junglinster','Junglinster','Bourglinster - Château','NON',83550,85350,6.217336,49.702675
'Buerghaff','Nommern','Nommern','Buerghaff','NON',76110,96713,6.114088,49.804836
'Buerglënster','Junglinster','Junglinster','Bourglinster','OUI',83400,85804,6.215261,49.706758
'Buerschdref','Rosport-Mompach','Mompach','Boursdorf','OUI',102556,92297,6.481206,49.764719
'Buerschent','Bourscheid','Bourscheid','Bourscheid','OUI',72295,108394,6.060862,49.909818
'Buerschter Millen','Bourscheid','Bourscheid','Bourscheid-Moulin','OUI',74220,108608,6.087658,49.911764
'Buerschter Plage','Bourscheid','Bourscheid','Bourscheid-Plage','OUI',73619,108256,6.0793,49.90859
'Buerschter Schlass','Bourscheid','Bourscheid','Bourscheid - Château','NON',73600,107920,6.079037,49.905572
'Bungeref','Rambrouch','Bigonville','Bigonville','OUI',53203,101806,5.795527,49.850041
'Bungerëffer Millen ','Rambrouch','Bigonville','Bigonville-Moulin','NON',53462,104045,5.798976,49.870182
'Bur','Rosport-Mompach','Mompach','Born','OUI',104691,91778,6.510806,49.759969
'Butschebuerg','Dudelange','Dudelange','Budersberg (Dudelange)','NON',72906,61866,6.070205,49.4915
'Bäerdref ','Berdorf','Berdorf','Berdorf','OUI',93214,98506,6.351751,49.820821
'Bärel','Winseler','Winseler','Berlé','OUI',57736,113098,5.857907,49.951746
'Bäreldeng','Walferdange','Walferdange','Bereldange','OUI',76950,79925,6.125886,49.653903
'Béigen ','Wincrange','Boevange(Clervaux)','Boevange','OUI',62960,123545,5.930235,50.045839
'Béiwen','Lac de la Haute-Sûre','Mecher','Bavigne','OUI',57098,109871,5.849209,49.92271
'Béiwen-Atert',' Helperknapp','Boevange-sur-Attert','Boevange-sur-Attert','OUI',69152,93350,6.017524,49.774515
'Béiweng','Roeser','Roeser','Bivange','OUI',77347,67748,6.131464,49.544421
'Bënzelt','Weiswampach','Weiswampach','Binsfeld','OUI',70729,131671,6.038503,50.119065
'Bënzert ','Mersch','Mersch','Binzrath','NON',77878,90928,6.138679,49.752833
'Bëschdref',' Helperknapp','Boevange-sur-Attert','Buschdorf','OUI',68240,90881,6.004937,49.7523
'Bëschrued','Wahl','Wahl','Buschrodt','OUI',62979,99100,5.931575,49.826069
'Bëttel','Tandel','Fouhren','Bettel','OUI',84294,109148,6.227917,49.91663
'Café Halt','Wiltz','Eschweiler','Eschweiler-Halte','NON',64922,116827,5.957889,49.985495
'Cap  ','Mamer','Mamer','Cap','NON',66443,78990,5.980411,49.645353
'Capellen','Mamer','Mamer','Capellen','OUI',67012,78707,5.988299,49.642821
'Chrëschtnech ','Waldbillig','Waldbillig','Christnach','OUI',87263,94894,6.268987,49.788449
'Clausen','Luxembourg','Luxembourg','Clausen (Luxembourg)','NON',77944,75570,6.139673,49.614751
'Clemenshaff','Bettendorf','Bettendorf','Clemenshaff','NON',79385,101041,6.159577,49.843759
'Clierf','Clervaux','Clervaux','Clervaux','OUI',69783,124685,6.025461,50.056244
'Clierfer Schlass ','Clervaux','Clervaux','Clervaux- Château','NON',70103,124485,6.029934,50.054451
'Cloche d'Or','Luxembourg','Hollerich','Cloche d'Or (Luxembourg)','NON',76265,71872,6.116475,49.581495
'Closbierg ','Beaufort','Beaufort','Closbierg','NON',90783,100871,6.318035,49.842133
'Closdellt','Bourscheid','Bourscheid','Closdelt','OUI',76668,107483,6.121749,49.901668
'Colmer ','Colmar-Berg','Berg','Colmar','NON',74945,97205,6.097898,49.809251
'Colmer Bréck','Schieren','Schieren','Colmar-Pont','OUI',75065,97896,6.09956,49.81546
'Colmer Halt ','Schieren','Schieren','Colmar-Berg-Halte','NON',75288,97894,6.102655,49.815448
'Colmer-Bierg','Colmar-Berg','Berg','Colmar-Berg','OUI',74446,97412,6.090963,49.811107
'Conter','Contern','Contern','Contern','OUI',84550,72309,6.231045,49.585417
'Cornelysmillen','Troisvierges','Troisvierges','Cornelysmillen','NON',67372,133075,5.991518,50.131625
'Deewelt','Wincrange','Boevange(Clervaux)','Deiffelt','OUI',65179,125713,5.961131,50.065389
'Deisermillen ','Grevenmacher','Grevenmacher','Deysermühle','NON',98420,81080,6.423268,49.664012
'Dellen','Grosbous','Grosbous','Dellen','OUI',65112,102751,5.961079,49.85895
'Dickeschbur','Esch-sur-Sûre','Heiderscheid','Dickeschbur','NON',65083,105777,5.960559,49.886155
'Dickweiler','Rosport-Mompach','Rosport','Dickweiler','OUI',101663,94360,6.468926,49.7833
'Diddeleng','Dudelange','Dudelange','Dudelange','OUI',74185,61210,6.087868,49.485615
'Dierbech','Bourscheid','Bourscheid','Dirbach','OUI',70563,109660,6.036719,49.921176
'Dierbech','Esch-sur-Sûre','Heiderscheid','Dirbach','OUI',70563,109660,6.036719,49.921176
'Dierbech','Goesdorf','Goesdorf','Dirbach (Goesdorf)','OUI',70225,109605,6.03202,49.92068
'Dikrech','Diekirch','Diekirch','Diekirch','OUI',78918,104039,6.153077,49.870712
'Dippech','Dippach','Dippach','Dippach','OUI',66576,72374,5.982478,49.585872
'Dippecher Gare','Dippach','Dippach','Dippach-Gare','NON',67438,70852,5.994447,49.572206
'Direndall','Kehlen','Kehlen','Durenthal','NON',74356,83895,6.089906,49.689578
'Diänjen','Wincrange','Boevange(Clervaux)','Doennange','OUI',64886,125384,5.957052,50.062424
'Dol','Goesdorf','Goesdorf','Dahl','OUI',66560,111195,5.980924,49.9349
'Dondel','Kehlen','Kehlen','Dondelange','OUI',70193,83677,6.032218,49.687565
'Donkels','Winseler','Winseler','Doncols','OUI',56449,115206,5.839846,49.970648
'Doosber Bréck ','Parc Hosingen','Hosingen','Dasbourg-Pont','NON',76887,123813,6.124668,50.048483
'Dousterterhaff ','Berdorf','Berdorf','Dosterthaff / Dousterterhaff','NON',91325,96195,6.325433,49.800083
'Draufelt','Clervaux','Munshausen','Drauffelt','OUI',68147,120302,6.00275,50.016809
'Dräibuer','Wormeldange','Wormeldange','Dreiborn','OUI',96311,76248,6.393853,49.620629
'Drénkelt','Troisvierges','Troisvierges','Drinklange','OUI',69134,133172,6.016158,50.132532
'Dudderhaff','Luxembourg','Eich','Dudderhaff','NON',76087,79027,6.113943,49.645824
'Duelem','Garnich','Garnich','Dahlem','OUI',63696,74000,5.942583,49.600421
'Duelem','Dalheim','Dalheim','Dalheim','OUI',86930,67659,6.263876,49.543586
'Duerscht','Parc Hosingen','Hosingen','Dorscheid','OUI',73111,122303,6.071975,50.034876
'Duerschter Haischen','Parc Hosingen','Hosingen','Dorscheiderhaischen','NON',73466,122768,6.076922,50.039061
'Dummeldeng ','Luxembourg','Eich','Dommeldange (Luxembourg)','NON',77524,77705,6.133848,49.633945
'Dumongshaff ','Schifflange','Schifflange','Dumontshaff / Dumongshaff','NON',69058,64685,6.017014,49.516789
'Déierbech  ','Wincrange','Oberwampach','Derenbach','OUI',60057,119961,5.889893,50.013528
'Déifferdeng   ','Differdange','Differdange','Differdange','OUI',60064,65164,5.892786,49.520868
'Déiljen','Beaufort','Beaufort','Dillingen','OUI',90550,102109,6.31483,49.853268
'Eech','Luxembourg','Eich','Eich (Luxembourg)','NON',77137,77122,6.128495,49.628702
'Eechelbuer ','Nommern','Nommern','Eichelbour','NON',81233,96401,6.185254,49.802041
'Eesbech','Parc Hosingen','Hosingen','Eisenbach','OUI',78225,119316,6.14337,50.00806
'Eesbech ','Parc Hosingen','Hosingen','Untereisenbach','NON',78163,118389,6.142508,49.999724
'Eescheler','Junglinster','Rodenbourg','Eschweiler','OUI',90442,86891,6.312917,49.716449
'Eeschpelt','Lac de la Haute-Sûre','Harlange','Tarchamps','OUI',53460,112868,5.798343,49.949504
'Eesebuer','Junglinster','Junglinster','Eisenborn','OUI',81065,84182,6.182885,49.692183
'Eeselbuer','Clervaux','Clervaux','Eselborn','OUI',68420,125272,6.00641,50.061496
'Ell','Ell','Ell','ELL','OUI',57358,92224,5.853856,49.764065
'Elleng','Mondorf-les-Bains','Mondorf-les-Bains','Ellange','OUI',89596,65185,6.300653,49.521305
'Ellenger Gare','Mondorf-les-Bains','Mondorf-les-Bains','Ellange-Gare','NON',89725,64629,6.30242,49.516304
'Elweng','Schengen','Burmerange','Elvange','OUI',90544,63589,6.313703,49.50694
'Elz','Redange/Attert','Redange','Eltz','OUI',60310,93699,5.894755,49.777429
'Emeringerhaff ','Bous','Bous','Emeringerhaff / Éimeréngerhaff','NON',91361,67213,6.325088,49.539509
'Engelshaff','Niederanven','Niederanven','Engelshaff','NON',86451,82316,6.257501,49.675372
'Enteschbaach','Bourscheid','Bourscheid','Enteschbach','OUI',76107,108671,6.113929,49.912345
'Eppelduerf','Vallée de l'Ernz','Ermsdorf','Eppeldorf','OUI',85587,101079,6.245802,49.844074
'Esch-Sauer','Esch-sur-Sûre','Esch-sur-Sûre','Esch-sur-Sûre','OUI',63453,108512,5.937762,49.910701
'Esch-Uelzecht','Esch-sur-Alzette','Esch-sur-Alzette','Esch-sur-Alzette','OUI',66300,62500,5.979003,49.497088
'Eschduerf','Esch-sur-Sûre','Heiderscheid','Eschdorf','OUI',62841,105845,5.92936,49.886706
'Eschweiler','Wiltz','Eschweiler','Eschweiler','OUI',63976,118179,5.944643,49.997625
'Essen','Mersch','Mersch','Essingen','OUI',76167,93892,6.114908,49.779473
'Ettelbréck','Ettelbruck','Ettelbruck','Ettelbruck','OUI',75501,101718,6.105571,49.84983
'Fausermillen ','Mertert','Mertert','Fausermillen','NON',101091,85846,6.460522,49.706774
'Feelen','Feulen','Feulen','FEULEN','NON',70831,102165,6.040627,49.853796
'Felleschmillen','Habscht','Hobscheid','Felleschmillen','NON',59276,84236,5.880901,49.692316
'Fenneng','Bettembourg','Bettembourg','Fennange','OUI',73427,65092,6.077343,49.520511
'Fenteng','Hesperange','Hesperange','Fentange','OUI',78745,70077,6.150774,49.565366
'Fetschenhaff','Luxembourg','Hamm','Fetschenhof (Luxembourg)','NON',79303,75493,6.158479,49.614062
'Fiels','Larochette','Larochette','Larochette','OUI',83907,94341,6.222377,49.783509
'Fielsmillen ','Echternach','Echternach','Fielsmillen (Echternach)','NON',96970,98200,6.403931,49.817975
'Fielsmillen ','Mertert','Mertert','Fielsmillen (Mertert)','NON',100365,86193,6.450475,49.709919
'Fielsser Schlass','Larochette','Larochette','Larochette - Château','NON',83550,94560,6.217422,49.78548
'Fiertgeshaff','Vallée de l'Ernz','Medernach','Firtgeshaff','NON',84793,98030,6.234725,49.816669
'Findel','Sandweiler','Sandweiler','Findel','OUI',82421,77076,6.201633,49.62829
'Findelshaff ','Bertrange','Bertrange','Findels (Ferme de)','NON',70210,73200,6.032713,49.593368
'Flatzbuer','Rambrouch','Bigonville','Flatzbour','OUI',52711,100191,5.7888,49.8355
'Fluessweiler','Flaxweiler','Flaxweiler','Flaxweiler','OUI',92898,81177,6.346784,49.665028
'Flughafen','Niederanven','Niederanven','Aéroport de Luxembourg','NON',83523,77524,6.21689,49.632312
'Fléckenhaff','Waldbillig','Waldbillig','Flickenhaff / Fleckenhaff','NON',87424,98178,6.271286,49.817973
'Fléiber','Bourscheid','Bourscheid','Flebour','OUI',75529,108466,6.105884,49.910498
'Fléiber','Boulaide','Boulaide','Flebour (Baschleiden)','NON',54478,107179,5.812902,49.898402
'Fockemillen','Koerich','Koerich','Fockemillen','NON',64026,82771,5.946792,49.679288
'Folkendeng','Vallée de l'Ernz','Ermsdorf','Folkendange','OUI',82344,100923,6.200715,49.842694
'Follmillen','Vallée de l'Ernz','Medernach','Follmillen','NON',83817,95746,6.221141,49.796141
'Folscht','Rambrouch','Folschette','Folschette','OUI',58566,97724,5.870321,49.813557
'Fond de Gras','Differdange','Differdange','Fond de Gras','NON',57747,66677,5.860701,49.534391
'Fossenhaff','Clervaux','Heinerscheid','Fossenhof','OUI',74534,131032,6.091714,50.113367
'Freckeisen','Waldbillig','Waldbillig','Freckeisen','OUI',86494,96277,6.258331,49.800892
'Friddbësch','Bourscheid','Bourscheid','Friedbusch','OUI',72001,112896,6.056676,49.95029
'Fridhaff','Diekirch','Diekirch','Fridhaff','NON',77577,106159,6.13441,49.889769
'Frombuerger Haff ','Rosport-Mompach','Rosport','Frombuerg / Fromburgerhaff','NON',97386,94002,6.409523,49.780221
'Froumillen','Schengen','Burmerange','Froumillen','NON',88595,62240,6.286763,49.494841
'Fréiresmillen','Kiischpelt','Wilwerwiltz','Freresmühle','NON',68078,119625,6.001809,50.010721
'Fréiseng','Frisange','Frisange','Frisange','OUI',81329,64688,6.186475,49.516912
'Fréngerhaff','Tandel','Bastendorf','Fréngerhaff','NON',79021,109257,6.154497,49.917625
'Furels','Heffingen','Heffingen','Furels','NON',84568,91957,6.231527,49.76207
'Furen','Tandel','Fouhren','Fouhren','OUI',82306,108734,6.200234,49.912919
'Fuussbann','Differdange','Differdange','Fousbann (Differdange)','NON',60660,65030,5.901024,49.519682
'Fuussekaul','Esch-sur-Sûre','Heiderscheid','Fuussekaul','NON',67119,104970,5.988917,49.878946
'Fuusswiss','Feulen','Feulen','Fuusswiss','NON',67720,104290,5.9973,49.872845
'Féischterbierg','Bourscheid','Bourscheid','Féischterbierg','NON',72582,109069,6.064844,49.915891
'Féischterhaff','Bourscheid','Bourscheid','Féischterhaff','NON',72723,109591,6.066798,49.920585
'Féitsch','Wincrange','Oberwampach','Féitsch','NON',59729,122474,5.885184,50.03611
'Féiz ','Mondercange','Mondercange','Foetz','OUI',68349,65680,6.007194,49.525722
'Féngeg','Käerjeng','Clemency','Fingig','OUI',60508,74215,5.898472,49.60226
'Fëlschdref','Dalheim','Dalheim','Filsdorf','OUI',85715,66802,6.247076,49.535893
'Fënsterdall',' Helperknapp','Boevange-sur-Attert','Finsterthal','OUI',70865,91437,6.04135,49.757344
'Fënsterhaff','Redange/Attert','Redange','Fënsterhaff','NON',61169,95728,5.906583,49.795699
'Fënz','Wincrange','Oberwampach','Fënz','NON',59750,122198,5.885492,50.033629
'Fëschbech','Clervaux','Heinerscheid','Fischbach','OUI',72955,126856,6.069715,50.075807
'Fëschbech ','Fischbach','Fischbach','Fischbach','OUI',81620,90185,6.190603,49.746154
'Fëschbecher Haff ','Tandel','Bastendorf','Fischbacherhaff','NON',78610,109172,6.148775,49.91686
'Gaaschtmillen','Mamer','Mamer','Gaaschtmillen','NON',71118,77528,6.045175,49.632294
'Gaasperech','Luxembourg','Hollerich','Gasperich (Luxembourg)','NON',76670,72886,6.122067,49.590614
'Gantebeensmillen','Hesperange','Hesperange','Gantebeensmillen','NON',80037,74432,6.168635,49.604523
'Gare','Luxembourg','Hollerich','Luxembourg-Gare','NON',77530,74000,6.133954,49.600634
'Garnech','Garnich','Garnich','Garnich','OUI',64427,75937,5.952618,49.617855
'Geierhaff','Parc Hosingen','Consthum','Geierhaff (Holzthum)','NON',74182,117784,6.086992,49.99426
'Geieschhaff ','Bech','Bech','Geyershof','OUI',95897,92429,6.388784,49.76612
'Gemener Haff','Consdorf','Consdorf','Jemenerhaff','NON',89322,93271,6.297541,49.773829
'Giewel','Koerich','Koerich','Goeblange','OUI',65489,81545,5.967108,49.668302
'Giewelsmillen','Bourscheid','Bourscheid','Goebelsmuehle','OUI',71908,109698,6.055447,49.921537
'Giewelsmillen','Bourscheid','Bourscheid','Goebelsmühle','OUI',71908,109698,6.055447,49.921537
'Giischt','Rosport-Mompach','Rosport','Girst','OUI',103917,93311,6.500159,49.773783
'Giischterklaus','Rosport-Mompach','Rosport','Girsterklaus','OUI',103705,94576,6.497293,49.785165
'Gillenshaff','Vallée de l'Ernz','Medernach','Gillenshaff','NON',84852,96804,6.23553,49.805646
'Gilsdref','Bettendorf','Bettendorf','Gilsdorf','OUI',81115,103394,6.183636,49.864913
'Giwenech','Rosport-Mompach','Mompach','Givenich','OUI',102569,90314,6.481271,49.746891
'Goeberhaff','Reisdorf','Reisdorf','Goberhaff','NON',87196,102670,6.268202,49.858361
'Gondel','Waldbredimus','Waldbredimus','Gondelange','NON',88024,68411,6.279008,49.550334
'Gonnereng','Junglinster','Rodenbourg','Gonderange','OUI',85763,84629,6.248003,49.696175
'Gouschteng','Flaxweiler','Flaxweiler','Gostingen','OUI',93689,76400,6.357573,49.62206
'Gousseldeng','Lintgen','Lintgen','Gosseldange','OUI',76216,88214,6.115642,49.728424
'Grandsen','Clervaux','Heinerscheid','Grindhausen','OUI',72284,127736,6.060324,50.08371
'Grasbësch','Leudelange','Leudelange','Grassbusch (Leudelange)','NON',74320,71090,6.08959,49.574449
'Grass','Steinfort','Steinfort','Grass','OUI',59897,77435,5.889855,49.63119
'Greiweldeng','Stadtbredimus','Stadtbredimus','Greiveldange','OUI',93900,72255,6.360346,49.584788
'Grenzen','Ettelbruck','Ettelbruck','Grentzingen','OUI',74330,99540,6.089321,49.830238
'Grewenhaff','Vallée de l'Ernz','Ermsdorf','Grevenhaff','NON',85568,98803,6.245505,49.823612
'Groesteen','Putscheid','Putscheid','Grauenstein','NON',78402,112540,6.145865,49.94714
'Grolënster','Junglinster','Junglinster','Graulinster','OUI',88439,89368,6.285197,49.738751
'Grolënster','Bech','Bech','Graulinster','OUI',88385,89663,6.28446,49.7414
'Grondhaff','Beaufort','Beaufort','Grundhof','OUI',91766,99962,6.331674,49.833942
'Grondhaff','Waldbillig','Waldbillig','Grundhof','OUI',91766,99962,6.331674,49.833942
'Grondhaff','Berdorf','Berdorf','Grundhof (Berdorf)','OUI',91657,99297,6.33013,49.82797
'Grondhaff-Schlass','Waldbillig','Waldbillig','Grundhof - Château','NON',90995,98236,6.320908,49.818439
'Gronn','Luxembourg','Luxembourg','Grund (Luxembourg)','NON',77822,74731,6.13799,49.607207
'Grooljen','Putscheid','Putscheid','Gralingen','OUI',75178,111395,6.100961,49.936829
'Groussbus  ','Grosbous','Grosbous','Grosbous','OUI',65641,99384,5.96856,49.828692
'Groussbéiwen','Garnich','Garnich','Grand-Bevange (Hivange)','NON',62923,74198,5.931881,49.60218
'Gräisch','Habscht','Septfontaines','Greisch','OUI',66817,86136,5.98535,49.70961
'Gréiweknapp',' Helperknapp','Boevange-sur-Attert','Grevenknapp','OUI',70169,92216,6.031672,49.764337
'Gréiwels','Wahl','Wahl','Grevels','OUI',61808,101866,5.915172,49.850903
'Gréiwels','Wahl','Wahl','Grevels (Grosbous)','OUI',61904,101825,5.91651,49.85053
'Gréiwelsser Barrière','Bertrange','Bertrange','Grevelsbarrière (Bertrange)','NON',71465,73548,6.050064,49.596515
'Gréiwelsser Haff ','Bertrange','Bertrange','Grevels (Ferme de) (Bertrange)','NON',70924,73829,6.042574,49.599034
'Gréiwemaacher','Grevenmacher','Grevenmacher','Grevenmacher','OUI',99420,82892,6.437209,49.680271
'Grëmmelescht','Winseler','Winseler','Gruemelscheid','OUI',58957,116714,5.874723,49.984299
'Guddelt ','Larochette','Larochette','Goudelt','NON',81020,93901,6.182288,49.779565
'Guedber','Junglinster','Junglinster','Godbrange','OUI',84737,89034,6.233836,49.735789
'Gäichel','Habscht','Hobscheid','Gaichel','NON',58469,84301,5.869712,49.692872
'Géidgen','Troisvierges','Troisvierges','Goedange','OUI',68777,135147,6.011108,50.150281
'Géidger Millen','Troisvierges','Troisvierges','Goedange-Moulin','NON',68971,134366,6.013844,50.143263
'Géisdref','Goesdorf','Goesdorf','Goesdorf','OUI',65309,109705,5.963556,49.921475
'Gëlt','Rambrouch','Folschette','Goelt','NON',57345,98654,5.853302,49.821874
'Gëtzen','Koerich','Koerich','Goetzingen','OUI',66334,80668,5.978844,49.660437
'Haalsbaach','Berdorf','Berdorf','Halsbaach','NON',94304,99168,6.366922,49.826748
'Haarderbaach','Goesdorf','Goesdorf','Haarderbaach','NON',69597,110818,6.023236,49.931571
'Haarthaff ','Waldbillig','Waldbillig','Hardhaff','NON',90661,98170,6.316265,49.817851
'Haassel','Weiler-la-Tour','Weiler-la-Tour','Hassel','OUI',83070,68564,6.210548,49.551755
'Haastert','Biwer','Biwer','Hagelsdorf','OUI',94180,84200,6.364651,49.692178
'Habscht','Habscht','Hobscheid','Hobscheid','OUI',61825,83813,5.916248,49.688595
'Haff Ahl','Parc Hosingen','Hosingen','Hof Ahl','NON',79782,116069,6.16509,49.978869
'Hakenhaff','Lenningen','Lenningen','Hakenhaff','NON',87988,74330,6.278631,49.603552
'Haler','Waldbillig','Waldbillig','Haller','OUI',88239,98304,6.282613,49.819095
'Hamm','Luxembourg','Hamm','Hamm (Luxembourg)','NON',79789,75112,6.165204,49.610637
'Hammhaff','Berdorf','Berdorf','Hammhaff','NON',93823,100384,6.360281,49.837692
'Hanenhaff','Wincrange','Asselborn','Haanenhaff','NON',68181,130145,6.002923,50.105301
'Hannerhasselt','Wincrange','Boevange(Clervaux)','Hinterhassel','OUI',58323,124684,5.865435,50.055929
'Harel','Lac de la Haute-Sûre','Harlange','Harlange','OUI',52954,110826,5.791436,49.931123
'Hareler Poteau','Boulaide','Boulaide','Harlange-Poteau','NON',54311,108251,5.810507,49.908033
'Haupeschhaff','Feulen','Feulen','Hubertushof','NON',71765,100480,6.05365,49.83866
'Heckenhaff','Bettembourg','Bettembourg','Heckenhaff','NON',74663,66253,6.094397,49.530962
'Heedscheier','Dalheim','Dalheim','Heidscheuer','NON',86779,68515,6.261805,49.551284
'Heesberhaff','Bous','Bous','Heisburgerhaff / Heesberhaff','NON',90444,71149,6.312523,49.574914
'Heeschbech ','Berdorf','Berdorf','Heisbich','NON',93109,97385,6.350254,49.810745
'Heeschbreg','Bech','Bech','Hersberg','OUI',91617,91291,6.329342,49.755987
'Heeschdref','Steinsel','Steinsel','Heisdorf','OUI',77637,82266,6.135386,49.674953
'Heeschpelt','Wahl','Wahl','Heispelt','OUI',59472,102443,5.88266,49.856015
'Heesdref','Wincrange','Boevange(Clervaux)','Hamiville','OUI',61077,123629,5.903943,50.046538
'Heinenhaff','Ettelbruck','Ettelbruck','Heinenhaff','NON',72807,101600,6.068115,49.848743
'Heischent','Esch-sur-Sûre','Heiderscheid','Heiderscheid','OUI',66653,106036,5.982397,49.88852
'Heischtergronn','Esch-sur-Sûre','Heiderscheid','Heiderscheidergrund','OUI',65206,107575,5.962203,49.902323
'Heischtergronn','Esch-sur-Sûre','Heiderscheid','Heiderscheidergrund (Goesdorf)','OUI',65202,107849,5.96214,49.90479
'Helfenter Bréck','Bertrange','Bertrange','Helfent (Bertrange)','NON',73112,74375,6.072831,49.603972
'Helleng','Frisange','Frisange','Hellange','OUI',78786,63922,6.151358,49.510025
'Hellgewiss','Lenningen','Lenningen','Hellgewiss','NON',88902,74176,6.291272,49.602155
'Helsem','Walferdange','Walferdange','Helmsange','OUI',78110,80673,6.141947,49.660633
'Helzen','Wincrange','Hachiville','Hachiville','OUI',62298,130249,5.920684,50.10609
'Hemstel','Bech','Bech','Hemstal','OUI',92124,89458,6.336321,49.739497
'Hengescht','Clervaux','Heinerscheid','Heinerscheid','OUI',74494,128884,6.091185,50.094055
'Herdermillen','Bous','Bous','Herdermillen','NON',92516,68903,6.341099,49.554681
'Hermeswiss','Reisdorf','Reisdorf','Hermeswiss','NON',90335,103243,6.311871,49.863467
'Hesper','Hesperange','Hesperange','Hesperange','OUI',78982,70651,6.154049,49.570527
'Hessemillen','Vallée de l'Ernz','Ermsdorf','Hessemillen','NON',85403,102084,6.243258,49.853112
'Hiefenech','Heffingen','Heffingen','Heffingen','OUI',84967,92533,6.237072,49.767246
'Hielem','Lorentzweiler','Lorentzweiler','Helmdange','OUI',77855,84416,6.138395,49.694285
'Hierber','Rosport-Mompach','Mompach','Herborn','OUI',98921,90459,6.430663,49.74832
'Hierber Millen ','Rosport-Mompach','Mompach','Herborn-Moulin','NON',98710,89344,6.427681,49.738302
'Hierheck','Esch-sur-Sûre','Heiderscheid','Hierheck','OUI',62780,104350,5.928577,49.873264
'Hierzenhaff ','Bettendorf','Bettendorf','Hirzenhaff (Bettendorf)','NON',84442,103116,6.229907,49.862398
'Hiestgriechter Haff ','Tandel','Fouhren','Hiestgriechterhof','NON',81422,105647,6.187915,49.885168
'Hingerhaff','Mersch','Mersch','Hingerhaff','NON',73017,92647,6.071194,49.768252
'Hirtzhaff ','Feulen','Feulen','Hirtzhaff (Feulen)','NON',71792,100684,6.054021,49.840495
'Hitten','Beckerich','Beckerich','Huttange','OUI',60314,89133,5.895041,49.736378
'Hoen','Steinfort','Steinfort','Hagen','OUI',62447,79794,5.925047,49.652479
'Holler','Weiswampach','Weiswampach','Holler','OUI',71377,132284,6.047549,50.124585
'Hollerech','Luxembourg','Hollerich','Hollerich (Luxembourg)','NON',76240,73888,6.11611,49.59962
'Hollermillen','Weiswampach','Weiswampach','Hollermühle','OUI',71696,131452,6.052028,50.11711
'Holz','Rambrouch','Perlé','Holtz','OUI',53074,97012,5.794065,49.806935
'Holzem','Mamer','Mamer','Holzem','OUI',67012,75869,5.988393,49.617305
'Holztem','Parc Hosingen','Consthum','Holzthum','OUI',73211,116586,6.073471,49.983479
'Hongeschhaff','Berdorf','Berdorf','Hongeschhaff','NON',94159,96180,6.364797,49.799887
'Honicht ','Parc Hosingen','Hosingen','Honicht','NON',76696,120492,6.122029,50.018625
'Horas','Préizerdaul','Bettborn','Horas','NON',61921,97355,5.916952,49.81035
'Horgershaff','Goesdorf','Goesdorf','Horgershaff','NON',63120,110566,5.933036,49.929158
'Hosbich ','Mersch','Mersch','Hosbich','NON',71808,91106,6.054444,49.754382
'Hossebierg','Vallée de l'Ernz','Ermsdorf','Hossenberg','NON',86519,101307,6.258764,49.846115
'Houfelt','Wincrange','Hachiville','Hoffelt','OUI',62561,129320,5.924403,50.097746
'Houschent','Parc Hosingen','Hoscheid','Hoscheid','OUI',73582,112521,6.078711,49.946937
'Houschter Déckt','Parc Hosingen','Hoscheid','Hoscheid-Dickt','OUI',74326,115843,6.089028,49.976811
'Houschter Haff','Putscheid','Putscheid','Hoscheidterhof','OUI',78964,111889,6.153697,49.941288
'Housen','Parc Hosingen','Hosingen','Hosingen','OUI',74778,120327,6.09527,50.017128
'Housener Barrière','Parc Hosingen','Consthum','Hosingen-Barrière','NON',74203,118353,6.087276,49.999376
'Houwald','Hesperange','Hesperange','Howald','OUI',77859,72020,6.138516,49.582833
'Huelmes','Helperknapp','Tuntange','Hollenfels','OUI',71185,86381,6.045904,49.711892
'Hueschtert','Rambrouch','Folschette','Hostert','OUI',58530,97229,5.869848,49.809106
'Hueschtert','Niederanven','Niederanven','Hostert','OUI',84880,80101,6.235707,49.655472
'Huewel','Beckerich','Beckerich','Hovelange','OUI',60935,87593,5.90373,49.722552
'Huldang','Troisvierges','Troisvierges','Huldange','OUI',68956,136459,6.013574,50.162079
'Huldanger Millen ','Troisvierges','Troisvierges','Huldange-Moulin','NON',68061,136348,6.001052,50.161064
'Hunchereng','Bettembourg','Bettembourg','Huncherange','OUI',72705,64700,6.067378,49.516978
'Hunnebuer','Mersch','Mersch','Hunnebur','NON',73752,87857,6.081473,49.725194
'Härebierg','Diekirch','Diekirch','Herrenberg','NON',80204,104518,6.170966,49.87502
'Héischdref','Reisdorf','Reisdorf','Hoesdorf','OUI',86354,105551,6.25654,49.884273
'Héiweng','Garnich','Garnich','Hivange','OUI',62675,74638,5.928431,49.606128
'Hénkel','Rosport-Mompach','Rosport','Hinkel','OUI',104864,94302,6.513369,49.782654
'Hënsdref','Lorentzweiler','Lorentzweiler','Hunsdorf','OUI',77144,84575,6.128539,49.695711
'Hëpperdang','Clervaux','Heinerscheid','Hupperdange','OUI',72465,128858,6.062831,50.0938
'Hëttermillen','Stadtbredimus','Stadtbredimus','Huettermuehle','OUI',94651,72375,6.370736,49.585849
'Iechternach','Echternach','Echternach','Echternach','OUI',97670,97848,6.413641,49.81479
'Ielwen   ','Beckerich','Beckerich','Elvange','OUI',61808,87671,5.915833,49.723281
'Iener','Saeul','Saeul','Ehner','OUI',64163,86888,5.948524,49.716307
'Iermsdref','Vallée de l'Ernz','Ermsdorf','Ermsdorf','OUI',83531,99430,6.217203,49.829265
'Iernster','Niederanven','Niederanven','Ernster','OUI',85595,82686,6.245646,49.678707
'Iernzen','Larochette','Larochette','Ernzen','OUI',83633,93210,6.218561,49.773342
'Ierpeldeng ','Bous','Bous','Erpeldange','OUI',91671,67886,6.329391,49.545554
'Ierpeldeng  ','Wiltz','Eschweiler','Erpeldange','OUI',64331,115900,5.949686,49.977146
'Ierpeldeng-Sauer','Erpeldange-sur-Sûre','Erpeldange','Erpeldange-sur-Sûre','OUI',76134,102873,6.114361,49.860218
'Ierseng','Waldbredimus','Waldbredimus','Ersange','OUI',87613,71479,6.273388,49.577923
'Iewerleng','Useldange','Useldange','Everlange','OUI',64373,93414,5.951176,49.774986
'Iewerlenger Millen ','Useldange','Useldange','Everlange-Moulin','NON',63581,93656,5.94017,49.777141
'Iewescht Schlënner','Parc Hosingen','Hoscheid','Oberschlinder','OUI',72483,113198,6.06338,49.95301
'Ischpelt','Clervaux','Clervaux','Urspelt','OUI',71366,126878,6.047517,50.075984
'Iwwersiren','Schuttrange','Schuttrange','Uebersyren','OUI',88048,77665,6.27953,49.633536
'Izeg','Hesperange','Hesperange','Itzig','OUI',80540,72661,6.175591,49.588599
'Izeger Stee','Hesperange','Hesperange','Itzigerste','NON',79382,73441,6.159575,49.595612
'Jaanshaff','Walferdange','Walferdange','Jaanshaff','NON',79205,80086,6.157114,49.655357
'Jangharishaff','Junglinster','Junglinster','Jean-Haris','NON',87007,89755,6.265338,49.742249
'Jokesbierg','Bech','Bech','Jakobsbierg','NON',95323,91062,6.380763,49.753844
'Jonglënster','Junglinster','Junglinster','Junglinster','OUI',85652,86240,6.246488,49.71066
'Juckefeld','Consdorf','Consdorf','Juckefeld','NON',94524,95053,6.369825,49.789746
'Juegdschlass','Luxembourg','Eich','Juegdschlass (Baambësch)','NON',75996,79354,6.11268,49.648763
'Juegdschlass','Koerich','Koerich','Juegdschlass (Koerich)','NON',63558,82401,5.940323,49.675949
'Jäger','Bech','Bech','Jäger (Maison-)','NON',95028,92008,6.376706,49.762357
'Jénkenhaff','Ell','Ell','Jénkenhaff','NON',58106,91148,5.864299,49.754418
'Kaalber','Clervaux','Heinerscheid','Kalborn','OUI',76150,129796,6.114319,50.102267
'Kaalber Millen ','Clervaux','Heinerscheid','Kalborn-Moulin','OUI',77491,129901,6.133062,50.103218
'Kaalmes','Saeul','Saeul','Calmus','OUI',65113,87803,5.961662,49.724558
'Kaalmesser Millen ','Saeul','Saeul','Calmus-Moulin','NON',64510,88167,5.953285,49.727815
'Kaaspelt','Clervaux','Clervaux','Kaaspelterhof','OUI',67850,121696,5.998563,50.029335
'Kackerterhaff','Contern','Contern','Kackerterhaff','NON',85453,73689,6.243552,49.597817
'Kaffishaff','Lenningen','Lenningen','Kaffishaff','NON',89915,75608,6.305322,49.615014
'Kalchesbréck','Luxembourg','Hamm','Kalchesbréck','NON',81148,76413,6.184011,49.622333
'Kalkesbaach ','Berdorf','Berdorf','Kalkesbach (Consdorf)','OUI',93295,96320,6.3528,49.80116
'Kalkesbaach (Berdorf)','Berdorf','Berdorf','Kalkesbach (Berdorf)','OUI',93576,96464,6.356709,49.802454
'Kalscheier','Kopstal','Kopstal','Kalscheier','NON',74152,79806,6.087139,49.652812
'Kanech','Lenningen','Lenningen','Canach','OUI',91546,75140,6.327878,49.610777
'Kapenaker','Wormeldange','Wormeldange','Kapenacker','OUI',93602,78161,6.35643,49.637895
'Kapweiler','Saeul','Saeul','Kapweiler','OUI',65713,89445,5.969924,49.739335
'Karelshaff','Colmar-Berg','Berg','Carelshaff','NON',72474,99461,6.063526,49.829508
'Katrewang','Esch-sur-Sûre','Heiderscheid','Quatre-Vents (Eschdorf)','NON',63963,105210,5.944998,49.881028
'Katrewang','Kehlen','Kehlen','Quatre-Vents (Kehlen)','NON',71113,82724,6.044989,49.679011
'Kauneref   ','Lac de la Haute-Sûre','Mecher','Kaundorf','OUI',61116,109605,5.905173,49.920459
'Kautebaach','Kiischpelt','Kautenbach','Kautenbach','OUI',69248,113254,6.018308,49.953465
'Keel','Kayl','Kayl','Kayl','OUI',70690,61524,6.039626,49.488395
'Keespelt','Kehlen','Kehlen','Keispelt','OUI',72590,84439,6.065421,49.69445
'Keiwelbaach','Vallée de l'Ernz','Ermsdorf','Keiwelbach','OUI',84794,101592,6.234784,49.848694
'Kelleschhaff','Waldbillig','Waldbillig','Kelleschhaff','NON',87190,96911,6.268011,49.806584
'Kempchen','Bettendorf','Bettendorf','Kempchen','NON',79585,101894,6.162357,49.851428
'Kempemillen','Habscht','Hobscheid','Kempemillen','NON',60734,83570,5.90114,49.686376
'Kielen','Kehlen','Kehlen','Kehlen','OUI',70285,81578,6.033544,49.668695
'Kiemen','Bourscheid','Bourscheid','Kehmen','OUI',70477,107453,6.035575,49.901332
'Kiemerchen','Saeul','Saeul','Kiemerchen','NON',67111,88734,5.989341,49.732974
'Kierchbierg ','Luxembourg','Eich','Kirchberg (Luxembourg)','NON',78384,77000,6.145756,49.62761
'Kierchbierg ','Luxembourg','Eich','Kirchberg-Centre Européen','NON',78583,76398,6.148513,49.622197
'Kierchen','Troisvierges','Troisvierges','Basbellain','OUI',66640,134489,5.981231,50.144321
'Kierchermillen ','Troisvierges','Troisvierges','Kiirchermillen','NON',65797,133743,5.969465,50.137595
'Kietscht','Rambrouch','Folschette','Koetschette','OUI',56196,100457,5.837225,49.838039
'Kimm','Rambrouch','Bigonville','Bigonville-Poteau','OUI',52321,100555,5.78336,49.83875
'Kimm','Rambrouch','Bigonville','Kimm','NON',52213,100595,5.781849,49.839109
'Kinnikshaff','Wahl','Wahl','Kinnekshaff','NON',61553,100632,5.911684,49.839801
'Kirelshaff','Clervaux','Clervaux','Kirelshof','OUI',66099,121643,5.974127,50.028821
'Kitzebuer','Vallée de l'Ernz','Medernach','Kitzebur','NON',85253,94817,6.241073,49.787778
'Klaushaff','Helperknapp','Tuntange','Claushof','OUI',73615,86673,6.079592,49.714547
'Klaushaff ','Habscht','Septfontaines','Klaushaff (Septfontaines)','NON',66564,85691,5.981858,49.705603
'Kleng Elchert','Ell','Ell','Petit-Nobressart','OUI',54108,94011,5.808629,49.78
'Klengbetten','Steinfort','Steinfort','Kleinbettingen','OUI',61513,79129,5.912144,49.646472
'Klenge Buerghaff','Nommern','Nommern','Klenge Buerghaff / Klengbuerghaff','NON',77650,97734,6.135475,49.814023
'Klenghouschent','Wiltz','Eschweiler','Kleinhoscheid','NON',65339,120424,5.963567,50.017844
'Klosmillen','Biwer','Biwer','Klosmillen','NON',93822,86626,6.359776,49.713998
'Kléck','Diekirch','Diekirch','Kléck','NON',80376,103874,6.173358,49.86923
'Kléimillen','Weiswampach','Weiswampach','Kleemühle','OUI',71126,130300,6.044085,50.106745
'Kléngelbuer','Kopstal','Kopstal','Kléngelbur','NON',74881,80639,6.097224,49.660308
'Kléngelscheier','Lorentzweiler','Lorentzweiler','Klingelscheuer','OUI',80163,84266,6.170384,49.69294
'Knapphouschent','Wiltz','Eschweiler','Knaphoscheid','OUI',65489,119807,5.965683,50.0123
'Kockelscheier','Luxembourg','Hollerich','Kockelscheuer','OUI',75800,70000,6.110064,49.56466
'Kohn','Vallée de l'Ernz','Medernach','Kohn','NON',85841,96511,6.249264,49.803003
'Koler','Garnich','Garnich','Kahler','OUI',61734,77413,5.915284,49.631051
'Kolwent  ','Consdorf','Consdorf','Colbette','OUI',89584,92742,6.301165,49.769068
'Konerhaff ','Kiischpelt','Kautenbach','Konerhaff (Alscheid)','NON',68587,114529,6.00906,49.964916
'Konsdref   ','Consdorf','Consdorf','Consdorf','OUI',92372,93871,6.339902,49.779168
'Konsdrëffer Millen ','Consdorf','Consdorf','Consdorf-Moulin','NON',91348,94030,6.325689,49.780617
'Konstem','Parc Hosingen','Consthum','Consthum','OUI',71967,115615,6.056146,49.974734
'Koplescht','Kopstal','Kopstal','Kopstal','OUI',73019,81000,6.071428,49.663536
'Kounenhaff ','Parc Hosingen','Hosingen','Kounenhaff (Obereisenbach)','NON',77755,120325,6.136807,50.017128
'Krakelshaff ','Bettembourg','Bettembourg','Krakelshaff (Bettembourg)','NON',76036,63515,6.113391,49.506354
'Kranzenhaff','Reisdorf','Reisdorf','Kranzenhaff','NON',84724,106404,6.23387,49.891957
'Krautem','Roeser','Roeser','Crauthem','OUI',78779,66488,6.151254,49.533097
'Krokelshaff ','Frisange','Frisange','Krokelshaff (Aspelt)','NON',82420,65234,6.201545,49.521818
'Kruuchten  ','Nommern','Nommern','Cruchten','OUI',77611,96266,6.134942,49.800825
'Kräizenhéicht','Bech','Bech','Kraïzenheicht','NON',90886,90717,6.319181,49.75084
'Kräizerbuch','Habscht','Hobscheid','Kreuzerbuch','NON',61583,85389,5.91282,49.702757
'Kräizhaff','Roeser','Roeser','Kräizhaff','NON',75542,69789,6.1065,49.562761
'Kréindel  ','Wincrange','Boevange(Clervaux)','Crendal','OUI',60515,124867,5.896034,50.05765
'Kréintgeshaff','Contern','Contern','Kroentgeshof','NON',84519,74130,6.230638,49.60179
'Kuebebuer','Bech','Bech','Kobenbour','OUI',89768,91210,6.30368,49.755292
'Kuelbecher Haff','Helperknapp','Tuntange','Kuelbecherhaff','OUI',72606,87485,6.065586,49.721837
'Kultgeshaff','Esch-sur-Sûre','Heiderscheid','Kultgeshaff','NON',65664,106013,5.968635,49.888291
'Käerch','Koerich','Koerich','Koerich','OUI',64550,81480,5.954103,49.667695
'Kéiber','Wahl','Wahl','Kuborn','OUI',60898,103836,5.902422,49.868586
'Kéideng','Fischbach','Fischbach','Koedange','OUI',82852,89091,6.207688,49.736313
'Kéiermillen','Parc Hosingen','Hoscheid','Kéiermillen','NON',75063,114567,6.099319,49.965346
'Kéimicht','Wincrange','Hachiville','Kemicht','NON',63246,128145,5.934028,50.087202
'Kéisfuert','Clervaux','Heinerscheid','Kaesfurt','OUI',73075,128716,6.071358,50.09253
'Kéisfuert','Weiswampach','Weiswampach','Kaesfurt','OUI',73659,135655,6.0794,50.15492
'Kéisfuert','Clervaux','Heinerscheid','Käsfurt','NON',73075,128716,6.071358,50.09253
'Kéngert ','Vallée de l'Ernz','Medernach','Kengert','NON',82218,96228,6.198935,49.800483
'Kënsecker Haff ','Bech','Bech','Kenseckehaff','NON',90414,89312,6.312594,49.738216
'Kënzeg','Käerjeng','Clemency','Clemency','OUI',58529,73702,5.871123,49.59758
'Këppenhaff','Tandel','Bastendorf','Këppenhaff','OUI',77513,107771,6.1335,49.90426
'Këppenhaff','Tandel','Bastendorf','Köppenhaff','NON',77574,107685,6.134359,49.903488
'Laaschent','Tandel','Bastendorf','Landscheid','OUI',77310,109938,6.130669,49.923743
'Lafewier','Berdorf','Berdorf','Lafewier','NON',94806,100636,6.373955,49.839934
'Lalleng ','Esch-sur-Alzette','Esch-sur-Alzette','Lallange (Esch-sur-Alzette)','NON',66828,63827,5.986247,49.509031
'Lameschmillen ','Wiltz','Wiltz','Lameschmillen (Wiltz)','NON',60978,114337,5.903019,49.962997
'Lameschmillen  ','Mondercange','Mondercange','Lameschermillen (Bergem)','NON',70936,64372,6.042956,49.514006
'Lampech','Reckange-sur-Mess','Reckange-sur-Mess','Limpach','OUI',66423,69192,5.980471,49.557259
'Lampertsbierg','Luxembourg','Luxembourg','Limpertsberg (Luxembourg)','NON',76345,76575,6.117538,49.62378
'Lannen','Redange/Attert','Redange','Lannen','OUI',56441,94947,5.840964,49.788511
'Lannener Bierg ','Redange/Attert','Redange','Lannenerbierg','NON',56130,96120,5.836574,49.799045
'Lausduer','Clervaux','Heinerscheid','Lausdorn','OUI',73930,131462,6.083263,50.117227
'Lausduer','Clervaux','Heinerscheid','Lausdorn','OUI',73969,131561,6.08381,50.11812
'Lauterbuer','Echternach','Echternach','Lauterborn','NON',95852,95792,6.388297,49.796357
'Leedebach','Larochette','Larochette','Leidenbach','NON',84482,95342,6.230373,49.792504
'Leemillen ','Dalheim','Dalheim','Leymühle','NON',85249,64555,6.240607,49.515695
'Leemkaul','Parc Hosingen','Hosingen','Lehmkaul','NON',73799,123130,6.081565,50.042319
'Leeresmillen','Wincrange','Hachiville','Léresmillen','NON',64049,128101,5.94525,50.086829
'Leetem','Weiswampach','Weiswampach','Leithum','OUI',75776,136387,6.10902,50.161519
'Legay ','Wincrange','Asselborn','Legay','NON',66689,130837,5.982043,50.111491
'Leideleng','Leudelange','Leudelange','Leudelange','OUI',72281,70077,6.061419,49.565318
'Leidelenger Gare','Leudelange','Leudelange','Leudelange-Gare','NON',72280,72442,6.061359,49.586582
'Lelleg','Manternach','Manternach','Lellig','OUI',99425,87343,6.4375,49.720289
'Lellerhaff ','Colmar-Berg','Berg','Lellingerhof','NON',73901,96128,6.083411,49.799558
'Lellgen','Kiischpelt','Wilwerwiltz','Lellingen','OUI',69069,116482,6.015723,49.982483
'Lenglerlach ','Troisvierges','Troisvierges','Lenglerlach','NON',69742,136666,6.024569,50.163954
'Lenneng','Lenningen','Lenningen','Lenningen','OUI',94583,74158,6.369862,49.601882
'Lenzweiler','Wincrange','Asselborn','Lentzweiler','OUI',66455,126133,5.978938,50.069195
'Les Rochers','Manternach','Manternach','Les Rochers','NON',97221,85963,6.406876,49.707949
'Liewel  ','Beckerich','Beckerich','Levelange','OUI',57636,89353,5.85788,49.73826
'Liewel  ','Beckerich','Beckerich','Lévelange','NON',57499,89362,5.855978,49.738339
'Liljen','Rosport-Mompach','Mompach','Lilien','OUI',96341,91133,6.394893,49.754456
'Longsdref','Tandel','Fouhren','Longsdorf','OUI',82411,107051,6.201685,49.897788
'Luerenzscheierhaff','Bertrange','Bertrange','Lorentzscheuer (Ferme de)','NON',69607,72449,6.024393,49.586605
'Luerenzweiler','Lorentzweiler','Lorentzweiler','Lorentzweiler','OUI',78300,85094,6.14456,49.700382
'Läitrenger Haff ','Beckerich','Beckerich','Leitrange','NON',59320,86633,5.881384,49.713868
'Léierhaff','Grosbous','Grosbous','Léerhaff','NON',63999,102306,5.945619,49.854921
'Léierhaff','Grosbous','Grosbous','Lehrhof','OUI',64069,102397,5.94659,49.85574
'Léifreg','Lac de la Haute-Sûre','Mecher','Liefrange','OUI',59274,108615,5.879577,49.911497
'Léiler','Clervaux','Heinerscheid','Lieler','OUI',75935,132188,6.111289,50.123771
'Léisbech','Habscht','Septfontaines','Leesbach','OUI',66702,85260,5.983786,49.701731
'Léiweng','Roeser','Roeser','Livange','OUI',76273,65800,6.116642,49.526901
'Lénger','Käerjeng','Bascharage','Linger','OUI',59531,70243,5.885162,49.566515
'Lëftgermillen ','Dippach','Dippach','Löftgermillen','NON',67208,70575,5.991276,49.56971
'Lëllgen','Wincrange','Boevange(Clervaux)','Lullange','OUI',63735,125147,5.940987,50.060263
'Lëlz','Esch-sur-Sûre','Neunhausen','Lultzhausen','OUI',60165,108279,5.891999,49.908507
'Lëntgen','Lintgen','Lintgen','Lintgen','OUI',77104,87530,6.127963,49.722279
'Lëpschent','Bourscheid','Bourscheid','Lipperscheid','OUI',74314,109398,6.088955,49.918867
'Lëpschter Dällt ','Bourscheid','Bourscheid','Lipperscheid-Dellt','NON',74668,109609,6.093881,49.920768
'Lëpschterhaff ','Esch-sur-Sûre','Heiderscheid','Lëpschterhaff','NON',64070,104860,5.946501,49.877884
'Lëtzebuerg','Luxembourg','Luxembourg','Luxembourg','OUI',77522,75216,6.133836,49.611567
'Maarkebaach','Parc Hosingen','Hoscheid','Maarkebaach','NON',74079,111374,6.085653,49.93663
'Maarksbierg','Tandel','Fouhren','Marxberg','NON',82994,107192,6.209801,49.899053
'Maarnech','Clervaux','Munshausen','Marnach','OUI',72764,124333,6.067094,50.053122
'Mamer','Mamer','Mamer','Mamer','OUI',69699,77100,6.025544,49.628424
'Manertchen','Echternach','Echternach','Manertchen','NON',100701,96289,6.455672,49.800677
'Manternach','Manternach','Manternach','Manternach','OUI',98275,86002,6.42149,49.708269
'Mariendall','Helperknapp','Tuntange','Marienthal','OUI',72355,86191,6.06213,49.710199
'Marscherwald','Consdorf','Consdorf','Marscherwald','OUI',88384,91964,6.28449,49.762092
'Marxeknupp','Contern','Contern','Marxeknupp','NON',86527,71618,6.258374,49.579186
'Marxmillen','Biwer','Biwer','Marxmillen','NON',94270,86595,6.365987,49.713709
'Masseler','Goesdorf','Goesdorf','Masseler','OUI',70508,110571,6.035931,49.929365
'Matgeshaff','Schieren','Schieren','Matgeshaff','NON',76873,98295,6.124675,49.819063
'Maulesmillen','Wincrange','Asselborn','Maulusmuehle','OUI',69364,129122,6.01949,50.09612
'Maulesmillen','Weiswampach','Weiswampach','Maulusmühle','OUI',69666,128971,6.023712,50.094774
'Mecher','Clervaux','Clervaux','Mecher','OUI',69048,122952,6.015246,50.04065
'Meecher','Lac de la Haute-Sûre','Mecher','Mecher','OUI',58823,109877,5.87322,49.92283
'Meecher','Lac de la Haute-Sûre','Mecher','Mecher (Kaundorf)','NON',58932,109891,5.874746,49.922957
'Meechtem','Wormeldange','Wormeldange','Machtum','OUI',99203,80445,6.434082,49.658278
'Meesebuerg','Larochette','Larochette','Meysembourg','OUI',81135,92854,6.183882,49.770151
'Meespelt','Kehlen','Kehlen','Meispelt','OUI',72131,83785,6.059073,49.688564
'Melickshaff','Echternach','Echternach','Mélickshaff','NON',96049,96856,6.391078,49.805917
'Mensder','Betzdorf','Betzdorf','Mensdorf','OUI',89823,80321,6.304168,49.65739
'Miedernach','Vallée de l'Ernz','Medernach','Medernach','OUI',83696,97252,6.219475,49.809682
'Miersch','Mersch','Mersch','Mersch','OUI',75566,90658,6.106599,49.750393
'Mierschent','Putscheid','Putscheid','Merscheid','OUI',75315,113386,6.102845,49.95473
'Miesdref','Mersch','Mersch','Moesdorf','OUI',76373,92554,6.11778,49.767445
'Millbech','Contern','Contern','Mühlbach','NON',85523,72330,6.244501,49.585598
'Millebaach','Luxembourg','Rollingergrund','Mühlenbach (Luxembourg)','NON',76389,77137,6.118142,49.628833
'Misärshaff','Rambrouch','Arsdorf','Misère-Ferme','NON',55776,103640,5.831189,49.866639
'Mompech','Rosport-Mompach','Mompach','Mompach','OUI',101578,90921,6.467555,49.752384
'Monnerech','Mondercange','Mondercange','Mondercange','OUI',66940,66450,5.987707,49.532617
'Moserhaff','Vallée de l'Ernz','Ermsdorf','Moserhaff','NON',82827,101640,6.207435,49.849138
'Mouschbierg','Bettendorf','Bettendorf','Mouschbierg','NON',80024,101023,6.168461,49.843598
'Munneref  ','Mondorf-les-Bains','Mondorf-les-Bains','Mondorf-les-Bains','OUI',87288,63609,6.268747,49.507168
'Munnerëffer Strooss ','Roeser','Roeser','Mondorf-Route','NON',76996,63387,6.126646,49.505209
'Munzen','Clervaux','Munshausen','Munshausen','OUI',70930,122166,6.041537,50.033615
'Mutfert','Contern','Contern','Moutfort','OUI',86270,72600,6.254836,49.588018
'Mäerkels','Kiischpelt','Kautenbach','Merkholtz','OUI',66631,114246,5.981808,49.962331
'Mäertert','Mertert','Mertert','Mertert','OUI',102728,85506,6.483197,49.703657
'Mäerzeg','Mertzig','Mertzig','Mertzig','OUI',68421,99636,6.00719,49.831017
'Märel','Luxembourg','Hollerich','Merl (Luxembourg)','NON',74782,74308,6.095936,49.603386
'Märjendaller Haff ','Helperknapp','Tuntange','Mariendallerhaff/Märjendallerhaff','NON',73051,85705,6.071789,49.705838
'Méchela','Bourscheid','Bourscheid','Michelau','OUI',74622,107170,6.093274,49.898839
'Méchelbuch','Vichten','Vichten','Michelbouch','OUI',69420,98204,6.021114,49.818161
'Méchelsbierg','Rosport-Mompach','Rosport','Michelsbierg','NON',103226,95309,6.490686,49.791774
'Méchelshaff','Consdorf','Consdorf','Michelshof','OUI',95516,93470,6.383538,49.775489
'Méideng','Contern','Contern','Medingen','OUI',85802,71291,6.248344,49.576253
'Méischdref','Rosport-Mompach','Mompach','Moersdorf','OUI',103594,90076,6.495478,49.744711
'Méischtref','Bettendorf','Bettendorf','Moestroff','OUI',84888,103583,6.236116,49.866593
'Mëllerdall','Waldbillig','Waldbillig','Mullerthal','OUI',90329,95163,6.311571,49.790822
'Mëlleref','Steinsel','Steinsel','Mullendorf','OUI',77290,82845,6.130575,49.680158
'Mënjecker','Manternach','Manternach','Münschecker','OUI',99662,85167,6.440677,49.700718
'Mënsbech','Schuttrange','Schuttrange','Munsbach','OUI',86995,77525,6.264951,49.632291
'Mënsbecher Schlass','Schuttrange','Schuttrange','Munsbach - Château','NON',86658,77608,6.260288,49.633041
'Mëtscheed','Esch-sur-Sûre','Heiderscheid','Merscheid','OUI',65650,104160,5.968509,49.871631
'Mëtschenhaff','Bettendorf','Bettendorf','Mëtschenhaff','NON',84577,105658,6.231815,49.885251
'Nacher','Goesdorf','Goesdorf','Nocher','OUI',66258,112275,5.976679,49.944603
'Nacher Strooss','Goesdorf','Goesdorf','Nocher-Route','OUI',65187,112549,5.961748,49.947041
'Nei Brasilien','Wahl','Wahl','Grevels - Nei-Brésil','NON',62060,102450,5.918649,49.856161
'Neiduerf','Luxembourg','Eich','Neudorf','NON',79890,76394,6.166601,49.622163
'Neienshaff','Vallée de l'Ernz','Medernach','Neienshaff','NON',85744,96076,6.24791,49.799093
'Neihaff  ','Esch-sur-Sûre','Neunhausen','Neihaff  (Insenborn)','NON',57878,106312,5.860273,49.890743
'Neihaff  ','Erpeldange-sur-Sûre','Erpeldange','Neihaff (Ingeldorf)','NON',76400,101136,6.118077,49.844603
'Neihaischen','Schuttrange','Schuttrange','Neuhaeusgen','OUI',85222,76640,6.240397,49.624352
'Neiluerenzscheierhaff','Bertrange','Bertrange','Neiluerenzscheierhaff','NON',69795,72719,6.026986,49.589036
'Neimillen ','Echternach','Echternach','Neimillen (Echternach)','NON',96250,96224,6.393843,49.80023
'Neimillen ','Vallée de l'Ernz','Ermsdorf','Neimillen (Ermsdorf)','NON',84157,100471,6.225915,49.83862
'Neimillen ','Grosbous','Grosbous','Neimillen (Grosbous)','NON',64824,99893,5.957185,49.833248
'Neimillen ','Wincrange','Hachiville','Neimillen (Hoffelt)','NON',62234,127374,5.919923,50.080242
'Neimillen ','Koerich','Koerich','Neimillen (Koerich)','NON',63101,82463,5.933989,49.676494
'Neimillen ','Mamer','Mamer','Neimillen (Mamer)','NON',71243,78310,6.046888,49.639327
'Neimillen ','Schifflange','Schifflange','Neimillen (Schifflange)','NON',68995,64525,6.016149,49.515349
'Neirodeschhaff','Consdorf','Consdorf','Neirodeschhaff','NON',94372,93790,6.367667,49.778395
'Nidderaanwen','Niederanven','Niederanven','Niederanven','OUI',86787,79498,6.262107,49.650032
'Nidderdonwen','Flaxweiler','Flaxweiler','Niederdonven','OUI',96971,78087,6.403067,49.637145
'Nidderfeelen','Feulen','Feulen','Niederfeulen','OUI',71513,102286,6.050108,49.854894
'Nidderglabech','Nommern','Nommern','Niederglabach','OUI',78914,95341,6.153044,49.792512
'Nidderkolpech  ','Ell','Ell','Colpach-Bas','OUI',55562,91532,5.828972,49.757773
'Nidderkuer','Differdange','Differdange','Niederkorn','OUI',60147,67259,5.893827,49.539707
'Nidderkäerjeng','Käerjeng','Bascharage','Bascharage','OUI',60849,70503,5.903369,49.568896
'Nidderpallen','Redange/Attert','Redange','Niederpallen','OUI',61167,91243,5.906772,49.755376
'Nidderpallener Millen ','Redange/Attert','Redange','Niederpallen-Moulin','NON',61900,92229,5.916898,49.764263
'Nidderter Haff ','Bertrange','Bertrange','Niedert (Ferme de)','NON',69297,73586,6.020075,49.596823
'Nidderwampech','Wincrange','Oberwampach','Niederwampach','OUI',56470,119709,5.839864,50.011132
'Nidderwolz','Wiltz','Wiltz','Niederwiltz','NON',62466,115178,5.923719,49.970603
'Nidderwämper Halt','Wincrange','Oberwampach','Niederwampach-Halte','NON',55767,118676,5.830122,50.001817
'Niklosbierg','Vianden','Vianden','Mont St. Nicolas','NON',79761,112357,6.164799,49.945497
'Nisendaller Haff','Waldbillig','Waldbillig','Niesenthal','OUI',87253,97440,6.268896,49.81134
'Nojem','Redange/Attert','Redange','Nagem','OUI',57724,94781,5.85879,49.787067
'Nojemer Bierg ','Redange/Attert','Redange','Nagemerberg','NON',56944,95530,5.847915,49.793772
'Nojemer Haff ','Redange/Attert','Redange','Nagem (Ferme de)','NON',57121,95440,5.850378,49.79297
'Noumer','Nommern','Nommern','Nommern','OUI',80554,95682,6.175821,49.795578
'Nouspelt','Kehlen','Kehlen','Nospelt','OUI',68229,82332,6.005041,49.675438
'Noutem','Lac de la Haute-Sûre','Mecher','Nothum','OUI',59259,111752,5.8792,49.9397
'Nuechtmanescht','Putscheid','Putscheid','Nachtmanderscheid','OUI',77429,112649,6.132308,49.948117
'Näerden','Beckerich','Beckerich','Noerdange','OUI',62399,89898,5.923929,49.74332
'Näertrech','Winseler','Winseler','Noertrange','OUI',61569,116229,5.911166,49.980025
'Näerzeng','Bettembourg','Bettembourg','Noertzange','OUI',71891,63984,6.056152,49.510531
'Näidsen','Parc Hosingen','Hosingen','Neidhausen','OUI',72844,121591,6.068262,50.028472
'Néngsen','Esch-sur-Sûre','Neunhausen','Neunhausen','OUI',59495,104683,5.882862,49.876155
'Obeler','Bettembourg','Bettembourg','Abweiler','OUI',73578,66589,6.079404,49.533972
'Ohn ','Wormeldange','Wormeldange','Ahn','OUI',98328,76929,6.421799,49.626693
'Ollem','Kehlen','Kehlen','Olm','OUI',67955,80278,6.001307,49.656965
'Openthalt',' Helperknapp','Boevange-sur-Attert','Openthalt','OUI',70368,90761,6.034469,49.751259
'Osper','Redange/Attert','Redange','Ospern','OUI',61332,94247,5.908918,49.782389
'Ouljen','Betzdorf','Betzdorf','Olingen','OUI',90892,83008,6.319048,49.68153
'Ousterbuer','Vallée de l'Ernz','Medernach','Osterbour (Larochette)','NON',83573,95119,6.217746,49.790506
'Ousterbuer','Redange/Attert','Redange','Osterbour (Nagem)','NON',58376,94190,5.867877,49.781778
'Ousterholz','Consdorf','Consdorf','Osterholz','NON',92058,95416,6.33559,49.793065
'Pafebierg','Rosport-Mompach','Rosport','Pfaffenberg','NON',100388,92468,6.451123,49.766334
'Pafebruch','Mamer','Mamer','Pafebruch','NON',68600,78345,6.010296,49.639598
'Pafemillen','Wincrange','Asselborn','Cinqfontaines','OUI',68613,130217,6.008959,50.105956
'Pafendall','Luxembourg','Luxembourg','Pfaffenthal (Luxembourg)','NON',77645,75423,6.135537,49.613428
'Peckelshaff','Vichten','Vichten','Peckelshaff','NON',68478,97665,6.00804,49.813298
'Peppeng','Roeser','Roeser','Peppange','OUI',77372,65302,6.131825,49.522429
'Piisseng   ','Reckange-sur-Mess','Reckange-sur-Mess','Pissange','OUI',67938,68100,6.001444,49.547473
'Plankenhaff','Lintgen','Lintgen','Plankenhaff','NON',81127,88228,6.183756,49.72856
'Platen','Préizerdaul','Bettborn','Platen','OUI',63204,95242,5.934868,49.79139
'Pletschette','Vallée de l'Ernz','Medernach','Pletschette','NON',86964,98265,6.264896,49.81876
'Pläitreng ','Contern','Contern','Pleitrange','NON',88117,73135,6.280391,49.592806
'Polvermillen ','Luxembourg','Hamm','Pulvermühl (Luxembourg)','NON',78855,74928,6.152281,49.608981
'Pommerlach','Winseler','Winseler','Pommerloch','OUI',57757,114245,5.858134,49.962059
'Poschend','Parc Hosingen','Consthum','Poschend','NON',74149,116893,6.086545,49.986249
'Posselt','Berdorf','Berdorf','Posselt','NON',95316,97690,6.380928,49.813435
'Potaschbierg','Grevenmacher','Grevenmacher','Potaschberg','NON',96887,82628,6.402101,49.677974
'Poul','Putscheid','Putscheid','Pull','NON',77895,112788,6.1388,49.949368
'Pretemer Haff','Reckange-sur-Mess','Reckange-sur-Mess','Prétemerhaff','NON',65623,69737,5.969395,49.562141
'Pretten','Lintgen','Lintgen','Prettingen','OUI',76389,87063,6.118052,49.718077
'Proz','Préizerdaul','Bettborn','Pratz','OUI',63280,96670,5.935862,49.80423
'Präiteler','Consdorf','Consdorf','Breidweiler','OUI',89503,93677,6.300063,49.777476
'Pärel','Rambrouch','Perlé','Perlé','OUI',51170,97523,5.767578,49.811441
'Péiteng','Pétange','Pétange','Pétange','OUI',58685,69150,5.873526,49.556659
'Pënsch','Kiischpelt','Wilwerwiltz','Pintsch','OUI',68619,117631,6.009415,49.992805
'Pëtschent ','Putscheid','Putscheid','Putscheid','OUI',78185,113824,6.142836,49.958683
'Pëtten','Mersch','Mersch','Pettingen','OUI',75537,92812,6.106173,49.769759
'Rammeldang','Niederanven','Niederanven','Rameldange','OUI',84661,80854,6.232683,49.662244
'Rammerech ','Rambrouch','Folschette','Rambrouch','OUI',56435,99595,5.8406,49.830299
'Randschelt','Wahl','Wahl','Rindschleiden','OUI',60854,101711,5.901914,49.84948
'Recken','Mersch','Mersch','Reckange','OUI',73620,90653,6.079597,49.750331
'Reckendall','Strassen','Strassen','Reckenthal','NON',74591,76621,6.093262,49.62418
'Reckener Barrière','Mersch','Mersch','Reckange-Barrière','NON',71536,90476,6.050683,49.748714
'Reckeng op der Mess','Reckange-sur-Mess','Reckange-sur-Mess','Reckange-sur-Mess','OUI',68592,69517,6.01044,49.560225
'Reckingerhaff','Dalheim','Dalheim','Reckingerhof','OUI',90385,66802,6.311592,49.535831
'Reifeschbierg','Mersch','Mersch','Reifeschbierg','NON',76993,91861,6.126391,49.761218
'Reiland','Heffingen','Heffingen','Reuland','OUI',86686,91115,6.260909,49.75448
'Reilander Millen ','Heffingen','Heffingen','Reuland-Moulin','NON',87281,90866,6.269161,49.752234
'Reiler','Clervaux','Clervaux','Reuler','OUI',70670,124713,6.037846,50.05651
'Reineschhaff','Vallée de l'Ernz','Medernach','Reineschhaff','NON',84706,97546,6.233511,49.812318
'Reisduerf','Reisdorf','Reisdorf','Reisdorf','OUI',86954,103575,6.264853,49.866501
'Reisermillen','Vallée de l'Ernz','Ermsdorf','Reisermillen','NON',84000,100821,6.223736,49.841768
'Riedgen','Reckange-sur-Mess','Reckange-sur-Mess','Roedgen','OUI',70103,71162,6.031284,49.575042
'Riesenhaff','Rambrouch','Arsdorf','Riesenhof','OUI',54528,100786,5.814017,49.840929
'Ringbaach ','Wahl','Wahl','Ringbaach','NON',61766,100435,5.914655,49.838036
'Rippeg','Bech','Bech','Rippig','OUI',90947,89650,6.319998,49.741246
'Rippweiler','Useldange','Useldange','Rippweiler','OUI',64894,90856,5.958507,49.752001
'Rodange','Pétange','Pétange','Rodange','OUI',56451,67971,5.842721,49.545976
'Rolleng','Pétange','Pétange','Lamadelaine','OUI',57550,68129,5.857898,49.547439
'Rolleng','Bous','Bous','Rolling','OUI',90826,68490,6.317731,49.551
'Rolleng','Mersch','Mersch','Rollingen','OUI',76265,89880,6.116306,49.743403
'Rollengergronn ','Luxembourg','Rollingergrund','Rollingergrund (Luxembourg)','NON',75392,76430,6.10435,49.62247
'Rommeler Haff','Rambrouch','Bigonville','Martelinville','NON',51448,103573,5.770996,49.865847
'Ronnebësch','Tandel','Bastendorf','Ronnebësch','NON',78297,112042,6.144404,49.942662
'Rossmillen','Weiswampach','Weiswampach','Rossmühle','OUI',71259,130760,6.045934,50.110883
'Rosswénkeler Haff ','Consdorf','Consdorf','Rosswinkelerhaff','NON',94368,93195,6.36759,49.773045
'Roudemer','Junglinster','Rodenbourg','Rodenbourg','OUI',88787,83764,6.289898,49.688361
'Roudenhaff','Pétange','Pétange','Ferme rouge (Rodange)','NON',56792,66264,5.847533,49.530642
'Roudenhaff ','Kopstal','Kopstal','Roudenhaff (Bridel)','NON',74137,80284,6.086924,49.65711
'Roudenhaff ','Echternach','Echternach','Roudenhaff (Echternach)','NON',98597,95185,6.426394,49.79082
'Rouderssen','Parc Hosingen','Hosingen','Rodershausen','OUI',77253,122876,6.129785,50.040061
'Roumecht','Rambrouch','Perlé','Rombach-Martelange','OUI',49585,100083,5.745357,49.834379
'Rouscht','Bissen','Bissen','Roost (Bissen)','OUI',74582,94766,6.092889,49.787319
'Rouschthaff','Mersch','Mersch','Rouschthaff','NON',77063,92529,6.127358,49.767224
'Rouspert','Rosport-Mompach','Rosport','Rosport','OUI',103763,96795,6.498234,49.805112
'Routbaach','Préizerdaul','Bettborn','Roudbaach','NON',63110,93910,5.93362,49.779411
'Rued','Ell','Ell','Roodt (Ell)','OUI',55235,95633,5.824174,49.79463
'Rued','Habscht','Septfontaines','Roodt/Eisch','OUI',67881,84289,6.000159,49.693026
'Rued-Sir','Betzdorf','Betzdorf','Roodt-sur-Syre','OUI',89701,81300,6.302503,49.666194
'Rueder','Clervaux','Munshausen','Roder','OUI',73764,124637,6.081052,50.055867
'Rulljen','Wiltz','Wiltz','Roullingen','OUI',62364,113289,5.922383,49.953617
'Räichel','Redange/Attert','Redange','Reichlange','OUI',62811,93173,5.929501,49.772777
'Réid','Waldbredimus','Waldbredimus','Roedt','OUI',88457,70549,6.285038,49.569551
'Réiden op der Atert','Redange/Attert','Redange','Redange/Attert','OUI',59647,92093,5.885634,49.762968
'Réidingshaff','Wahl','Wahl','Redingshaff','NON',59288,100755,5.880191,49.840833
'Réimech','Remich','Remich','Remich','OUI',94441,68263,6.36768,49.548883
'Réiser','Roeser','Roeser','Roeser','OUI',78699,67543,6.150146,49.542582
'Réngel','Esch-sur-Sûre','Heiderscheid','Ringel','OUI',68819,109010,6.012452,49.915302
'Réngeler Haff ','Esch-sur-Sûre','Heiderscheid','Ringel (Ferme de)','NON',68433,109360,6.007068,49.918441
'Rëmeleng','Rumelange','Rumelange','Rumelange','OUI',69918,58498,6.029047,49.461176
'Rëmeljen','Wincrange','Asselborn','Rumlange','OUI',66206,127335,5.975417,50.079996
'Rëmerech','Préizerdaul','Bettborn','Reimberg','OUI',64434,95622,5.951935,49.794839
'Rëmerschen','Schengen','Remerschen','Remerschen','OUI',93538,61623,6.354973,49.489203
'Saassel','Wincrange','Asselborn','Sassel','OUI',67534,129400,5.993903,50.09859
'Saitert','Berdorf','Berdorf','Seitert','NON',93613,99977,6.357347,49.834038
'Sandweiler','Sandweiler','Sandweiler','Sandweiler','OUI',83628,75439,6.218324,49.613565
'Sandweiler Gare','Hesperange','Hesperange','Sandweiler-Contern Gare','NON',82660,74124,6.204921,49.601747
'Schack','Käerjeng','Bascharage','Schack','NON',59964,71413,5.891088,49.577049
'Schandel','Useldange','Useldange','Schandel','OUI',65836,95248,5.97142,49.791511
'Schanz','Bech','Bech','Altrier','OUI',91635,90580,6.32957,49.749594
'Scheedbierg','Mertert','Mertert','Scheedbierg','NON',100929,86267,6.458299,49.710565
'Scheedel','Bourscheid','Bourscheid','Scheidel','OUI',71002,106463,6.042906,49.89244
'Scheedgen','Consdorf','Consdorf','Scheidgen','OUI',93925,94113,6.361473,49.781309
'Scheedhaff','Luxembourg','Hamm','Scheedhaff','NON',82076,74886,6.196846,49.608601
'Scheedheck','Reisdorf','Reisdorf','Scheedheck','NON',90290,102890,6.311235,49.860294
'Scheierbierg','Bous','Bous','Scheuerberg','NON',92155,66930,6.336049,49.536949
'Scheierhaff ','Sanem','Sanem','Scheierhaff (Belvaux)','NON',62163,64805,5.921791,49.517705
'Scheierhaff ','Lenningen','Lenningen','Scheierhaff (Canach)','NON',90771,73086,6.317098,49.592324
'Scheierhaff ','Mersch','Mersch','Scheierhaff (Moesdorf)','NON',77760,93337,6.137028,49.774491
'Scheierhaff ','Vianden','Vianden','Scheierhaff (Vianden)','NON',83449,111949,6.216177,49.941818
'Schengen','Schengen','Remerschen','Schengen','OUI',94110,60225,6.362818,49.476621
'Schibbreger Millen ','Kiischpelt','Kautenbach','Schüttburg-Moulin','NON',69231,114809,6.018028,49.967445
'Schibbreger Schlass','Kiischpelt','Kautenbach','Schüttburg-Château','NON',69755,114496,6.02534,49.96464
'Schierbaach','Heffingen','Heffingen','Scherbach','OUI',84097,94118,6.225013,49.781503
'Schieren','Schieren','Schieren','Schieren','OUI',75122,99166,6.100333,49.826883
'Schierener Haff ','Schieren','Schieren','Schieren (Ferme de)','NON',76264,98405,6.116212,49.820049
'Schierener Millen ','Schieren','Schieren','Schieren-Moulin','NON',74343,98970,6.089509,49.825114
'Schierfenhaff','Heffingen','Heffingen','Scherfenhaff','NON',84832,94411,6.235222,49.784131
'Schiltzbierg','Fischbach','Fischbach','Schiltzberg','OUI',83650,89334,6.21876,49.738494
'Schlammestee','Weiler-la-Tour','Weiler-la-Tour','Schlammesté / Schlammestee','NON',80980,66550,6.18166,49.533654
'Schleederhaff ','Nommern','Nommern','Schleederhaff','NON',76627,96622,6.121271,49.804021
'Schleef','Winseler','Winseler','Schleif','OUI',57742,117318,5.857748,49.989685
'Schläifmillen','Luxembourg','Hollerich','Schleifmühle (Luxembourg)','NON',79331,74247,6.158868,49.602859
'Schläifmillen ','Junglinster','Junglinster','Schleifmillen (Altlinster)','NON',83882,88088,6.221966,49.72729
'Schläiterhaff','Berdorf','Berdorf','Schleiterhaff','NON',94437,96778,6.368681,49.805257
'Schléiwenhaff','Leudelange','Leudelange','Schléiwenhaff','NON',71851,71633,6.055443,49.579303
'Schlënnermanescht','Bourscheid','Bourscheid','Schlindermanderscheid','OUI',72125,110864,6.058445,49.932023
'Schmuelen','Putscheid','Putscheid','Schmuelen','NON',76345,115638,6.117177,49.974983
'Schmëdd ','Troisvierges','Troisvierges','Huldange-Forge','NON',69506,138436,6.021217,50.179863
'Schmëttewier','Beaufort','Beaufort','Schmëttewier','NON',90965,100404,6.320552,49.837931
'Schockmillen','Käerjeng','Clemency','Schockmillen','NON',59129,74846,5.879362,49.607887
'Schorenshaff','Manternach','Manternach','Schorenshaff','NON',97299,84152,6.407877,49.691665
'Schous','Fischbach','Fischbach','Schoos','OUI',80014,90600,6.16832,49.749887
'Schraasseg','Schuttrange','Schuttrange','Schrassig','OUI',86369,74892,6.256243,49.608624
'Schraasseger Kuelebierg ','Schuttrange','Schuttrange','Schrassig-Kuelebierg','NON',85428,74990,6.243225,49.609515
'Schrondweiler','Nommern','Nommern','Schrondweiler','OUI',79159,96657,6.156444,49.804344
'Schréideschhaff','Bettendorf','Bettendorf','Schroedeschhaff','NON',83653,101802,6.218921,49.85059
'Schuller','Dippach','Dippach','Schouweiler','OUI',64640,71943,5.955721,49.581951
'Schumannseck','Lac de la Haute-Sûre','Mecher','Schumannseck','NON',59133,112444,5.877408,49.945917
'Schummeschmillen','Redange/Attert','Redange','Schummeschmillen','NON',59323,91914,5.881146,49.761348
'Schwaarzenhaff','Steinfort','Steinfort','Schwaarzenhaff','NON',61203,81635,5.907732,49.668994
'Schwanterhaff','Vallée de l'Ernz','Medernach','Schwanterhaff','NON',84540,96570,6.231193,49.803545
'Schweebech  ','Saeul','Saeul','Schwebach','OUI',65583,90107,5.968096,49.745284
'Schweebecher Bréck ','Saeul','Saeul','Schwébecherbréck','NON',66121,90341,5.975552,49.7474
'Schweech','Beckerich','Beckerich','Schweich','OUI',62320,87546,5.922939,49.722172
'Schwiddelbruch','Rambrouch','Folschette','Schwiedelbrouch','OUI',57438,99447,5.854549,49.829007
'Schwunnendall','Lintgen','Lintgen','Schwanenthal','NON',76192,85561,6.115335,49.704571
'Schwéidsbeng  ','Schengen','Wellenstein','Schwebsingen','OUI',93797,63825,6.358625,49.508996
'Schäferrieder ','Mertert','Mertert','Schäferrieder','NON',102514,87043,6.480319,49.717484
'Schéiferei','Mersch','Mersch','Schéiferei','NON',74994,86192,6.098719,49.710236
'Schëffleng','Schifflange','Schifflange','Schifflange','OUI',68579,63448,6.010435,49.505658
'Schëmpech','Wincrange','Oberwampach','Schimpach','OUI',57320,119533,5.851733,50.009583
'Schëndels','Mersch','Mersch','Schoenfels','OUI',74253,87090,6.088432,49.718303
'Schëndelsser Millen ','Mersch','Mersch','Schoenfels-Moulin','NON',74922,87466,6.097704,49.721689
'Schëtter','Schuttrange','Schuttrange','Schuttrange','OUI',87572,76557,6.27292,49.62358
'Seelerhaff','Nommern','Nommern','Seylerhaff','NON',78657,98278,6.149465,49.818917
'Selschent','Wiltz','Eschweiler','Selscheid','OUI',64258,120453,5.948483,50.018077
'Selz','Tandel','Fouhren','Seltz','OUI',81430,105065,6.188024,49.879936
'Senneng','Niederanven','Niederanven','Senningen','OUI',85372,79206,6.242508,49.647421
'Sennengerbierg','Niederanven','Niederanven','Senningerberg','OUI',84199,79500,6.226269,49.650074
'Simmer','Habscht','Septfontaines','Septfontaines','OUI',65514,84896,5.967331,49.698431
'Simmerfarm','Habscht','Septfontaines','Simmerfarm','OUI',66874,84608,5.98619,49.69588
'Simmerschmelz','Habscht','Septfontaines','Simmerschmelz','OUI',67038,84466,5.98847,49.6946
'Sir','Boulaide','Boulaide','Surré','OUI',51967,107682,5.777917,49.902812
'Sirdall ','Biwer','Biwer','Syrdall','NON',96523,85406,6.397175,49.702961
'Sirdallschlass ','Manternach','Manternach','Syrdallschlass','NON',97221,85963,6.406876,49.707949
'Siren','Weiler-la-Tour','Weiler-la-Tour','Syren','OUI',83921,69997,6.222323,49.564634
'Siwebueren','Luxembourg','Rollingergrund','Septfontaines (Luxembourg)','NON',75236,77038,6.102184,49.627935
'Siwemuergen','Luxembourg','Eich','Siwemuergen','NON',76550,77522,6.120367,49.632295
'Siwwenaler','Clervaux','Munshausen','Siebenaler','OUI',69622,119675,6.023347,50.011199
'Sliepenhaff','Wiltz','Wiltz','Sliepenhaff','NON',64559,112754,5.95299,49.948868
'Soller','Winseler','Winseler','Sonlez','OUI',55328,114545,5.824263,49.964661
'Specksmillen','Echternach','Echternach','Specksmillen','NON',96616,96455,6.398937,49.802297
'Sprénkeng','Dippach','Dippach','Sprinkange','OUI',65391,71507,5.966122,49.578049
'Stackem','Wincrange','Asselborn','Stockem','OUI',65072,127127,5.959582,50.078099
'Stadbriedemes','Stadtbredimus','Stadtbredimus','Stadtbredimus','OUI',94374,69749,6.366809,49.562246
'Stafelter ','Niederanven','Niederanven','Staffelstein','OUI',80463,80386,6.174536,49.658055
'Steebrécken','Mondercange','Mondercange','Pontpierre','OUI',69980,66568,6.0297,49.533735
'Steenem','Rosport-Mompach','Rosport','Steinheim','OUI',102239,97966,6.477131,49.815699
'Steesel','Steinsel','Steinsel','Steinsel','OUI',76789,82130,6.123638,49.673727
'Steeën','Vallée de l'Ernz','Ermsdorf','Stegen','OUI',80166,99215,6.170434,49.827342
'Stengefort','Steinfort','Steinfort','Steinfort','OUI',61795,80668,5.915978,49.660318
'Stolzebuerg','Putscheid','Putscheid','Stolzembourg','OUI',79727,114517,6.164325,49.964916
'Stoppelhaff','Consdorf','Consdorf','Stoppelhaff','NON',89793,92907,6.30407,49.770548
'Stroossen','Strassen','Strassen','Strassen','OUI',73225,76200,6.074364,49.620381
'Stuppecht','Fischbach','Fischbach','Stuppicht','OUI',81396,87837,6.187486,49.725044
'Suessem','Sanem','Sanem','Sanem','OUI',62646,68191,5.928313,49.548163
'Suewelbuer','Vallée de l'Ernz','Medernach','Savelborn','OUI',86283,97409,6.255419,49.811072
'Suewelbuer','Waldbillig','Waldbillig','Savelborn (Waldbillig)','OUI',86283,97409,6.255419,49.811072
'Supp','Heffingen','Heffingen','Soup (Heffingen)','NON',84460,92560,6.230035,49.767492
'Supp','Reisdorf','Reisdorf','Soup (Reisdorf)','NON',87798,101626,6.276553,49.848967
'Sëll','Saeul','Saeul','Saeul','OUI',66931,88214,5.986862,49.728295
'Tandel','Tandel','Bastendorf','Tandel','OUI',80853,107048,6.180001,49.897765
'Theinshaff','Consdorf','Consdorf','Theinshaff','NON',94299,93491,6.366643,49.775708
'Thillsmillen','Mamer','Mamer','Thillsmillen','NON',71222,78616,6.04659,49.642078
'Tomm ','Tandel','Fouhren','Tomm (Fouhren)','NON',81875,108373,6.194232,49.909675
'Tomm  ','Tandel','Bastendorf','Tomm (Bastendorf)','NON',79556,106671,6.161949,49.894376
'Toodler','Esch-sur-Sûre','Heiderscheid','Tadler','OUI',67478,108427,5.9938,49.910034
'Toodlermillen','Esch-sur-Sûre','Heiderscheid','Tadler-Moulin','NON',67869,108702,5.999235,49.912515
'Tossebierg','Bertrange','Bertrange','Tossebierg','NON',71070,76579,6.044532,49.623761
'Toussaintsmillen','Kayl','Kayl','Toussaintsmillen','NON',71497,62699,6.050739,49.498972
'Tratten','Wincrange','Boevange(Clervaux)','Troine','OUI',59763,125618,5.885493,50.064376
'Trudlermillen','Weiler-la-Tour','Weiler-la-Tour','Trudlermillen','NON',83130,70500,6.211393,49.569161
'Trätter Strooss','Wincrange','Boevange(Clervaux)','Troine-Route','OUI',59323,123540,5.87946,50.045679
'Trënteng','Waldbredimus','Waldbredimus','Trintange','OUI',87960,70836,6.278173,49.572138
'Tschiddeschmillen','Bettendorf','Bettendorf','Tschiddeschmillen','NON',80072,101653,6.169129,49.849262
'Turelbaach','Grosbous','Grosbous','Turelbaach','NON',66800,101830,5.984585,49.850709
'Tutschemillen','Wiltz','Wiltz','Tutschemillen','NON',64305,114621,5.949376,49.965646
'Téiteng','Kayl','Kayl','Tétange','OUI',70534,60042,6.037508,49.475068
'Tënten','Helperknapp','Tuntange','Tuntange','OUI',68532,87043,6.009101,49.717799
'Tëntesmillen','Clervaux','Heinerscheid','Tintesmühle','OUI',76980,128898,6.125927,50.094199
'Uelegsmillen','Waldbillig','Waldbillig','Oligsmühle (Christnach)','NON',88554,94375,6.286903,49.783766
'Uelegsmillen','Vallée de l'Ernz','Medernach','Oligsmühle (Medernach)','NON',83594,96052,6.218047,49.798894
'Uerschterhaff','Sanem','Sanem','Arsdorferhaff (Sanem)','NON',64832,67692,5.958539,49.543735
'Ueschdref','Rambrouch','Arsdorf','Arsdorf','OUI',56817,103026,5.845705,49.86116
'Ueschdrëffer Millen ','Rambrouch','Arsdorf','Arsdorf-Moulin','NON',57750,103337,5.858663,49.863991
'Uespelt','Frisange','Frisange','Aspelt','OUI',83787,65220,6.220424,49.521685
'Uesper','Bourscheid','Bourscheid','Asselbur (Kehmen)','NON',70801,107412,6.040086,49.900969
'Uesweller','Rosport-Mompach','Rosport','Osweiler','OUI',99554,94816,6.439665,49.787472
'Ueweraanwen','Niederanven','Niederanven','Oberanven','OUI',85488,80441,6.244132,49.658524
'Uewerdonwen','Flaxweiler','Flaxweiler','Oberdonven','OUI',96969,79620,6.403106,49.650928
'Uewereesbech','Parc Hosingen','Hosingen','Obereisenbach','NON',78403,119315,6.145852,50.00805
'Uewerfeelen ','Feulen','Feulen','Oberfeulen','OUI',70258,101272,6.032681,49.845758
'Uewerglabech','Nommern','Nommern','Oberglabach','OUI',78627,94625,6.14906,49.786074
'Uewerkolpech  ','Ell','Ell','Colpach-Haut','OUI',54660,92678,5.81638,49.768039
'Uewerkuer','Differdange','Differdange','Oberkorn','OUI',60509,64318,5.898973,49.513276
'Uewerkäerjeng','Käerjeng','Bascharage','Hautcharage','OUI',61609,71423,5.913833,49.577191
'Uewermaartel','Rambrouch','Perlé','Haut-Martelange','OUI',49884,98947,5.749601,49.824181
'Uewerpallen','Beckerich','Beckerich','Oberpallen','OUI',56518,88643,5.842413,49.731837
'Uewerwampech','Wincrange','Oberwampach','Oberwampach','OUI',57567,120338,5.855132,50.016829
'Useldeng','Useldange','Useldange','Useldange','OUI',66500,92911,5.980722,49.770515
'Veianen   ','Vianden','Vianden','Vianden','OUI',82613,111111,6.204525,49.934288
'Veianer Schlass','Vianden','Vianden','VIANDEN-Château','NON',82485,111190,6.202742,49.934999
'Verluerekascht','Luxembourg','Hollerich','Verlorenkost (Luxembourg)','NON',78418,74784,6.146235,49.607686
'Vesquenhaff','Differdange','Differdange','Vesquenhaff','NON',58578,63790,5.872337,49.508464
'Viichten','Vichten','Vichten','Vichten','OUI',67689,96592,5.997112,49.803635
'Waalsdref','Tandel','Fouhren','Walsdorf','OUI',80415,110029,6.173908,49.924567
'Waarken','Ettelbruck','Ettelbruck','Warken','OUI',74433,102597,6.090709,49.857724
'Waasserbëlleg','Mertert','Mertert','Wasserbillig','OUI',103480,87274,6.493728,49.719524
'Wal','Wahl','Wahl','Wahl','OUI',61065,100079,5.904927,49.834814
'Waldberg ','Parc Hosingen','Hosingen','Waldbierg','NON',76300,123876,6.116472,50.049046
'Waldbriedemes','Waldbredimus','Waldbredimus','Waldbredimus','OUI',88324,69198,6.28317,49.557405
'Waldbëlleg','Waldbillig','Waldbillig','Waldbillig','OUI',88735,95810,6.289449,49.796665
'Waldhaff','Niederanven','Niederanven','Waldhof','OUI',81612,80301,6.190449,49.657288
'Walfer','Walferdange','Walferdange','Walferdange','OUI',77850,80234,6.138348,49.656685
'Wallenduerfer Bréck','Reisdorf','Reisdorf','Wallendorf-Pont','OUI',88631,104486,6.288199,49.874669
'Walter','Lac de la Haute-Sûre','Harlange','Watrange','OUI',52470,112255,5.784593,49.943948
'Wandhaff','Koerich','Koerich','Windhof (Koerich)','OUI',64804,79317,5.957705,49.648254
'Wandhaff','Bourscheid','Bourscheid','Windhof (Welscheid)','NON',72490,104140,6.063658,49.871575
'Wanseler','Winseler','Winseler','Winseler','OUI',59893,114723,5.887877,49.966432
'Watschenterhaff ','Vallée de l'Ernz','Medernach','Watschenterhaff','NON',85095,95945,6.238894,49.797921
'Wealerhaff','Esch-sur-Sûre','Neunhausen','Wealerhaff','NON',58987,106746,5.875683,49.894684
'Webeschhaff','Bettendorf','Bettendorf','Webeschhaff','NON',83426,105962,6.215802,49.887992
'Wecker','Biwer','Biwer','Wecker','OUI',96051,84732,6.390604,49.696914
'Wecker Gare','Biwer','Biwer','Wecker-Gare','OUI',95746,85030,6.38639,49.6996
'Wegdichen','Wiltz','Wiltz','Weidingen','OUI',63850,115727,5.942988,49.975578
'Weidemillen','Schengen','Burmerange','Weidemillen','NON',88653,61652,6.287551,49.489554
'Weidendall ','Kehlen','Kehlen','Weidendall / Val des Oseraies','NON',72696,80232,6.066968,49.656627
'Weiler','Wincrange','Hachiville','Weiler','OUI',63989,130061,5.94433,50.104448
'Weiler zum Tuer','Weiler-la-Tour','Weiler-la-Tour','Weiler-la-Tour','OUI',82565,67557,6.203563,49.542703
'Weilerbaach','Berdorf','Berdorf','Weilerbach','OUI',95278,99941,6.380489,49.833674
'Weimeschhaff ','Luxembourg','Eich','Weimershof (Luxembourg)','NON',79187,76431,6.156872,49.622495
'Weimeschkierch','Luxembourg','Eich','Weimerskirch (Luxembourg)','NON',77870,77242,6.138641,49.629784
'Welfreng','Dalheim','Dalheim','Welfrange','OUI',88601,67283,6.286957,49.540184
'Weller','Putscheid','Putscheid','Weiler','OUI',76872,114298,6.124534,49.962939
'Welleschten  ','Schengen','Wellenstein','Wellenstein','OUI',92891,65506,6.346171,49.52413
'Welschent','Bourscheid','Bourscheid','Welscheid','OUI',72495,105940,6.063693,49.887758
'Welsdref','Colmar-Berg','Berg','Welsdorf','OUI',74320,98140,6.089202,49.817651
'Wemperhaart','Weiswampach','Weiswampach','Wemperhardt','OUI',71481,135804,6.048926,50.156232
'Weydeg ','Biwer','Biwer','Weydig','OUI',91624,86851,6.329306,49.716068
'Weyderter Haff','Larochette','Larochette','Weydert (la Ferme)','NON',82360,94374,6.200896,49.783814
'Weyer','Fischbach','Fischbach','Weyer','OUI',82354,87883,6.200773,49.725455
'Wickreng','Reckange-sur-Mess','Reckange-sur-Mess','Wickrange','OUI',69489,67244,6.022899,49.539805
'Wilspull','Bourscheid','Bourscheid','Wilspull','NON',74979,105994,6.098258,49.888269
'Wiltgeshaff','Vichten','Vichten','Wiltgeshaff','NON',68111,97600,6.002943,49.812706
'Wilwerdang','Troisvierges','Troisvierges','Wilwerdange','OUI',69431,133926,6.020291,50.139316
'Wirtgensmillen','Clervaux','Clervaux','Wirtgensmühle','OUI',68653,122225,6.00975,50.03411
'Wollefsmillen','Mertert','Mertert','Wollefsmillen','NON',103303,87571,6.491291,49.722201
'Wolwen','Rambrouch','Perlé','Wolwelange','OUI',51093,99469,5.766363,49.828933
'Wolwener Klaus','Rambrouch','Perlé','Klaus (Wolwelange)','NON',52016,99725,5.779173,49.831278
'Wolz  ','Wiltz','Wiltz','Wiltz','OUI',63430,114255,5.937196,49.962332
'Wuelessen','Parc Hosingen','Hosingen','Wahlhausen','OUI',77078,116770,6.127387,49.985165
'Wuelesser Déckt ','Parc Hosingen','Hosingen','Wahlhausen Dickt','NON',75381,117317,6.103719,49.990072
'Wuelper','Consdorf','Consdorf','Wolper','OUI',93415,92338,6.35433,49.765362
'Wuermer ','Wormeldange','Wormeldange','Wormeldange','OUI',96948,75284,6.402627,49.611944
'Wuermer Bierg','Wormeldange','Wormeldange','Wormeldange-Haut','OUI',96948,75284,6.402627,49.611944
'Wäicherdang','Clervaux','Clervaux','Weicherdange','OUI',67304,122694,5.99091,50.038296
'Wäissenhaff ','Rambrouch','Arsdorf','Weissenhaff','NON',55521,100625,5.827832,49.839522
'Wäiswampech','Weiswampach','Weiswampach','Weiswampach','OUI',73547,133620,6.077872,50.136624
'Wëlwerwolz  ','Kiischpelt','Wilwerwiltz','Wilwerwiltz','OUI',67761,117308,5.997459,49.989884
'Wëlzer Schlass','Wiltz','Wiltz','WILTZ-Château','NON',63523,114741,5.938471,49.966704
'Wëntger','Wincrange','Boevange(Clervaux)','Wincrange','OUI',62194,124405,5.919501,50.053548
'Wëntreng','Schengen','Remerschen','Wintrange','OUI',93637,63193,6.356394,49.503317
'Zens ','Luxembourg','Hamm','Cents (Luxembourg)','NON',80199,76042,6.170877,49.618998
'Zolwer','Sanem','Sanem','Soleuvre','OUI',63329,65600,5.93786,49.524886
'Zowaasch','Differdange','Differdange','Lasauvage','OUI',56250,65082,5.840117,49.519994
'Zéisseng ','Luxembourg','Hollerich','Cessange (Luxembourg)','NON',75278,72629,6.102817,49.588294
'Zëtteg','Bech','Bech','Zittig','OUI',92859,90100,6.346538,49.745253
'Äischen','Habscht','Hobscheid','Eischen','OUI',58742,83444,5.873543,49.685177
'Äischer','Kiischpelt','Wilwerwiltz','Enscherange','OUI',67375,118317,5.992044,49.998947
'Éileng   ','Reckange-sur-Mess','Reckange-sur-Mess','Ehlange','OUI',69236,67999,6.019383,49.546589
'Éilereng','Sanem','Sanem','Ehlerange','OUI',65320,65589,5.96536,49.524839
'Éimereng','Schengen','Burmerange','Emerange','OUI',88837,61618,6.29009,49.489245
'Éimeschbaach','Wincrange','Asselborn','Emeschbach Asselborn','NON',64620,128775,5.953201,50.092903
'Éinen','Wormeldange','Wormeldange','Ehnen','OUI',95683,74083,6.385076,49.60118
'Éischt','Rambrouch','Folschette','Eschette','OUI',59638,98773,5.88516,49.823025
'Éiter','Contern','Contern','Oetrange','OUI',86804,73894,6.262244,49.599647
'Éitermillen ','Contern','Contern','Oetrange-Moulin','NON',85921,73720,6.250027,49.598091
'Ëlwen','Troisvierges','Troisvierges','Troisvierges','OUI',67498,131845,5.99332,50.12057
'Ënnerschlënner','Parc Hosingen','Hoscheid','Unterschlinder','OUI',72919,111196,6.069498,49.935017
'Ënnescht Millen ','Wahl','Wahl','Oenneschtmillen','NON',63702,98259,5.941658,49.818528
'Ënsber','Esch-sur-Sûre','Neunhausen','Insenborn','OUI',59573,107261,5.883811,49.899335
